sample ID ,death date,infection date,c1 date,c1 #,c2 date,c2 #,c3 date,c3 #,c4 date,c4 #,c5 date ,c5 #,c6 date ,c6 #,c7 date,c7 #,c8 date,c8#,c9 date,c9 #,c10 date,c10 #,c11 date,c11 #,c12 date,c12 #,c13 date,c13 #,c14 date,c14 #,c15 date,c15 #,c16 date,c16 #,c17 date,c17 #,c18 date,c18 #,c19 date,c19 #,c20 date,c20 #,c21 date,c21 #,c22 date,c22 #,c23 date,c23 #,notes ,
T1-1,11/11/2022,,10/19/2022,5,10/24/2022,2,10/26/2022,4,10/28/2022,5,11/2/2022,8,11/4/2022,4,11/7/2022,7,11/11/2022,5,,,,,,,,,,,,,,,,,,,,,,,,,,,,,,,"extra egg data after death date, it was removed",
T1-2,,,10/17/2022,4,10/21/2022,3,10/24/2022,2,10/28/2022,6,10/31/2022,7,11/2/2022,8,11/7/2022,5,11/9/2022,6,11/18/2022,6,11/21/2022,4,11/25/2022,8,11/28/2022,6,11/30/2022,5,12/5/2022,2,12/7/2022,8,12/9/2022,3,12/14/2022,10,12/16/2022,4,12/19/2022,7,,,,,,,,,,
T1-3,10/21/2022,,10/19/2022,5,10/21/2022,6,,,,,,,,,,,,,,,,,,,,,,,,,,,,,,,,,,,,,,,,,,,,
T1-4,10/24/2022,,10/19/2022,4,,,,,,,,,,,,,,,,,,,,,,,,,,,,,,,,,,,,,,,,,,,,,doesn't look healthy on 10/21/22,
T1-5,10/21/2022,,10/19/2022,5,10/21/2022,5,,,,,,,,,,,,,,,,,,,,,,,,,,,,,,,,,,,,,,,,,,,doesn't look healthy on 10/19/22,
T1-6,10/21/2022,,10/19/2022,4,10/21/2022,3,,,,,,,,,,,,,,,,,,,,,,,,,,,,,,,,,,,,,,,,,,,,
T1-7,10/24/2022,,10/19/2022,4,10/21/2022,2,,,,,,,,,,,,,,,,,,,,,,,,,,,,,,,,,,,,,,,,,,,doesn't look healthy on 10/21/22,
T1-8,10/21/2022,,10/19/2022,1,,,,,,,,,,,,,,,,,,,,,,,,,,,,,,,,,,,,,,,,,,,,,,
T1-9,10/24/2022,,10/19/2022,4,,,,,,,,,,,,,,,,,,,,,,,,,,,,,,,,,,,,,,,,,,,,,,
T1-10,10/24/2022,,10/17/2022,3,10/21/2022,4,,,,,,,,,,,,,,,,,,,,,,,,,,,,,,,,,,,,,,,,,,,doesn't look healthy 10/21/2022,
T1-11,10/19/2022,,10/19/2022,4,,,,,,,,,,,,,,,,,,,,,,,,,,,,,,,,,,,,,,,,,,,,,not preserved ,
T1-12,10/21/2022,,10/19/2022,7,10/21/2022,2,,,,,,,,,,,,,,,,,,,,,,,,,,,,,,,,,,,,,,,,,,,added one baby on 10/21 added to clutch column ,
T1-13,10/24/2022,,10/19/2022,5,10/21/2022,1,,,,,,,,,,,,,,,,,,,,,,,,,,,,,,,,,,,,,,,,,,,,
T1-14,,,10/17/2022,6,10/21/2022,3,10/24/2022,2,10/28/2022,8,10/31/2022,8,11/2/2022,10,11/7/2022,10,11/9/2022,5,11/16/2022,10,11/18/2022,3,11/21/2022,9,11/25/2022,7,11/28/2022,9,12/2/2022,5,12/5/2022,5,12/7/2022,5,12/14/2022,8,12/16/2022,4,12/19/2022,1,,,,,,,,,,
T1-15,11/29/2022,,10/19/2022,5,10/21/2022,3,10/26/2022,2,10/28/2022,6,10/31/2022,7,11/4/2022,11,11/7/2022,7,11/9/2022,6,11/14/2022,7,11/16/2022,6,11/18/2022,1,11/21/2022,4,11/23/2022,9,11/25/2022,4,11/29/2022,6,,,,,,,,,,,,,,,,,,
T1-16,10/24/2022,,10/21/2022,2,,,,,,,,,,,,,,,,,,,,,,,,,,,,,,,,,,,,,,,,,,,,,,
T1-17,10/21/2022,,,,,,,,,,,,,,,,,,,,,,,,,,,,,,,,,,,,,,,,,,,,,,,,,
T1-18,,,10/19/2022,5,10/26/2022,4,10/28/2022,6,10/31/2022,7,11/4/2022,6,11/7/2022,5,11/11/2022,8,11/14/2022,9,11/16/2022,5,11/18/2022,2,11/21/2022,8,11/23/2022,8,11/28/2022,3,11/30/2022,7,12/2/2022,2,12/5/2022,1,12/7/2022,8,12/9/2022,2,12/12/2022,7,12/16/2022,5,12/19/2022,8,,,,,,
T1-19,,,10/19/2022,3,10/24/2022,2,10/26/2022,3,10/28/2022,4,10/31/2022,8,11/4/2022,6,11/7/2022,7,11/9/2022,6,11/14/2022,7,11/16/2022,8,11/21/2022,2,11/23/2022,10,11/25/2022,7,11/28/2022,11,12/2/2022,8,12/5/2022,7,12/9/2022,7,12/12/2022,4,12/14/2022,8,,,,,,,,,,
T1-20,,,10/19/2022,6,10/24/2022,2,10/26/2022,5,10/28/2022,5,10/31/2022,10,11/4/2022,9,11/7/2022,10,11/11/2022,6,11/14/2022,7,11/16/2022,6,11/21/2022,8,11/23/2022,10,11/25/2022,4,11/30/2022,11,12/2/2022,4,12/5/2022,4,12/9/2022,5,12/12/2022,1,12/16/2022,4,12/19/2022,6,,,,,,,,
T1-21,,,10/19/2022,4,10/24/2022,3,10/26/2022,4,10/31/2022,5,11/2/2022,9,11/4/2022,6,11/7/2022,5,11/11/2022,6,11/14/2022,8,11/18/2022,8,11/21/2022,7,11/23/2022,8,11/28/2022,5,11/30/2022,9,12/2/2022,4,12/5/2022,7,12/9/2022,7,12/12/2022,5,12/16/2022,9,12/19/2022,5,,,,,,,,
T1-22,10/24/2022,,10/19/2022,4,10/24/2022,1,,,,,,,,,,,,,,,,,,,,,,,,,,,,,,,,,,,,,,,,,,,animal dissapeared/disengrated ,
T1-23,,,10/19/2022,5,10/24/2022,2,10/28/2022,7,11/11/2022,2,11/14/2022,6,11/16/2022,4,11/21/2022,2,11/28/2022,7,12/2/2022,6,12/14/2022,6,12/16/2022,4,12/19/2022,1,,,,,,,,,,,,,,,,,,,,,,,,
T1-24,,,10/19/2022,6,10/24/2022,2,11/2/2022,5,11/4/2022,8,11/7/2022,7,11/11/2022,4,11/14/2022,6,11/18/2022,7,11/21/2022,7,11/23/2022,8,11/28/2022,5,11/30/2022,7,12/2/2022,6,12/5/2022,6,12/7/2022,3,12/12/2022,8,12/16/2022,6,12/19/2022,5,,,,,,,,,,,,
T1-25,10/19/2022,,10/19/2022,4,,,,,,,,,,,,,,,,,,,,,,,,,,,,,,,,,,,,,,,,,,,,,not preserved,
T1-26,,,10/19/2022,2,10/24/2022,2,10/26/2022,2,10/28/2022,3,11/2/2022,6,11/4/2022,4,11/7/2022,4,11/9/2022,5,11/14/2022,5,11/16/2022,5,11/21/2022,2,11/23/2022,7,11/25/2022,4,11/28/2022,6,12/2/2022,5,12/5/2022,3,12/9/2022,7,12/12/2022,4,12/14/2022,5,12/19/2022,5,,,,,,,,
T1-27,10/21/2022,,10/19/2022,4,,,,,,,,,,,,,,,,,,,,,,,,,,,,,,,,,,,,,,,,,,,,,,
T1-28,,,10/17/2022,3,10/21/2022,4,10/24/2022,1,10/26/2022,4,10/28/2022,2,10/31/2022,5,11/2/2022,6,11/7/2022,4,11/9/2022,4,11/11/2022,4,11/14/2022,1,11/16/2022,8,11/18/2022,6,11/21/2022,7,11/25/2022,5,11/28/2022,6,11/30/2022,8,12/5/2022,3,12/7/2022,4,12/12/2022,4,12/14/2022,4,12/16/2022,1,12/19/2022,2,,
T1-29,11/1/2022,,10/19/2022,5,10/24/2022,2,10/26/2022,4,10/28/2022,3,,,,,,,,,,,,,,,,,,,,,,,,,,,,,,,,,,,,,,,,
T2-1,12/16/2022,,10/19/2022,3,10/26/2022,4,10/28/2022,5,11/2/2022,9,11/4/2022,7,11/7/2022,7,11/11/2022,7,11/14/2022,6,11/16/2022,8,11/21/2022,4,11/23/2022,6,11/30/2022,8,12/2/2022,5,12/5/2022,3,12/9/2022,6,,,,,,,,,,,,,,,,,,
T2-2,,,10/19/2022,4,10/21/2022,4,10/24/2022,2,11/2/2022,9,11/7/2022,7,11/9/2022,4,11/14/2022,3,11/16/2022,6,11/18/2022,6,11/25/2022,9,11/28/2022,7,12/2/2022,6,12/5/2022,1,12/7/2022,6,12/12/2022,5,12/14/2022,9,12/19/2022,6,,,,,,,,,,,,,,
T2-3,10/24/2022,,10/19/2022,6,10/21/2022,3,,,,,,,,,,,,,,,,,,,,,,,,,,,,,,,,,,,,,,,,,,,,
T2-4,,,10/19/2022,5,10/21/2022,2,10/24/2022,2,10/28/2022,6,10/31/2022,7,11/2/2022,8,11/7/2022,9,11/9/2022,7,11/14/2022,2,11/16/2022,8,11/18/2022,7,11/21/2022,8,11/25/2022,9,11/28/2022,10,11/30/2022,9,12/5/2022,3,12/7/2022,7,12/12/2022,8,12/14/2022,2,12/16/2022,5,12/19/2022,3,,,,,,
T2-5,11/28/2022,10/26/2022,10/19/2022,5,10/21/2022,3,,,,,,,,,,,,,,,,,,,,,,,,,,,,,,,,,,,,,,,,,,,,
T2-6,,,10/19/2022,5,10/21/2022,4,10/24/2022,2,10/28/2022,6,10/31/2022,7,11/2/2022,8,11/7/2022,7,11/9/2022,4,11/14/2022,3,11/16/2022,7,11/18/2022,5,11/21/2022,5,11/25/2022,8,11/28/2022,9,11/30/2022,9,12/5/2022,4,12/7/2022,9,12/14/2022,9,12/16/2022,4,12/19/2022,7,,,,,,,,
T2-7,,,10/19/2022,4,10/21/2022,2,10/24/2022,2,10/28/2022,6,10/31/2022,7,11/2/2022,8,11/7/2022,7,11/9/2022,8,11/11/2022,2,11/16/2022,9,11/18/2022,7,11/21/2022,6,11/25/2022,7,11/28/2022,1,11/30/2022,7,12/5/2022,5,12/7/2022,8,12/12/2022,6,12/16/2022,6,12/19/2022,7,,,,,,,,
T2-8,,,10/19/2022,4,10/21/2022,5,10/24/2022,2,10/28/2022,5,10/31/2022,1,11/2/2022,6,11/7/2022,3,11/9/2022,6,11/11/2022,5,11/14/2022,6,11/18/2022,5,11/21/2022,7,11/25/2022,8,11/28/2022,5,11/30/2022,7,12/5/2022,7,12/7/2022,5,12/9/2022,2,12/12/2022,10,12/16/2022,7,12/19/2022,7,,,,,,
T2-9,,,10/19/2022,4,10/24/2022,2,10/28/2022,4,10/31/2022,4,11/2/2022,6,11/7/2022,6,11/9/2022,6,11/11/2022,2,11/14/2022,8,11/16/2022,1,11/18/2022,8,11/21/2022,7,11/25/2022,7,11/28/2022,6,11/30/2022,7,12/7/2022,14,12/9/2022,5,12/12/2022,5,12/16/2022,9,12/19/2022,10,,,,,,,,
T2-10,,,10/17/2022,6,10/21/2022,4,10/24/2022,2,10/28/2022,8,10/31/2022,5,11/2/2022,7,11/7/2022,6,11/9/2022,9,11/11/2022,5,11/14/2022,8,11/18/2022,7,11/21/2022,9,11/23/2022,11,11/28/2022,3,11/30/2022,8,12/2/2022,4,12/7/2022,11,12/9/2022,7,12/12/2022,7,12/16/2022,7,12/19/2022,12,,,,,,
T2-11,,,10/17/2022,5,10/21/2022,5,10/24/2022,2,11/2/2022,12,11/4/2022,8,11/7/2022,7,11/11/2022,6,11/14/2022,7,11/18/2022,7,11/21/2022,4,11/25/2022,8,11/30/2022,7,12/7/2022,8,12/9/2022,1,12/12/2022,3,12/14/2022,9,12/16/2022,3,12/9/2022,9,,,,,,,,,,,,
T2-12,,,10/19/2022,4,10/24/2022,2,10/28/2022,7,10/31/2022,4,11/2/2022,1,11/9/2022,7,11/14/2022,6,11/16/2022,8,11/18/2022,3,11/21/2022,8,11/25/2022,6,11/28/2022,8,12/2/2022,7,12/7/2022,8,12/12/2022,3,12/14/2022,4,12/19/2022,6,,,,,,,,,,,,,,
T2-13,,,10/17/2022,3,10/21/2022,8,10/24/2022,2,10/26/2022,6,10/31/2022,7,11/2/2022,10,11/4/2022,5,11/9/2022,6,11/11/2022,3,11/14/2022,5,11/18/2022,6,11/21/2022,8,11/28/2022,2,11/30/2022,3,12/7/2022,7,12/9/2022,7,12/12/2022,10,12/16/2022,6,12/19/2022,7,,,,,,,,,,
T2-14,10/28/2022,,10/19/2022,4,10/21/2022,4,10/26/2022,3,10/28/2022,4,,,,,,,,,,,,,,,,,,,,,,,,,,,,,,,,,,,,,,,,
T2-15,,,10/17/2022,6,10/21/2022,4,10/24/2022,2,10/28/2022,7,10/31/2022,7,11/2/2022,8,11/7/2022,7,11/9/2022,6,11/14/2022,3,11/16/2022,7,11/18/2022,2,11/23/2022,7,11/25/2022,7,11/28/2022,2,12/2/2022,2,12/7/2022,5,12/14/2022,3,12/19/2022,1,,,,,,,,,,,,
T2-16,,,10/19/2022,6,10/24/2022,2,10/26/2022,4,10/28/2022,4,10/31/2022,9,11/4/2022,8,11/7/2022,8,11/11/2022,7,11/14/2022,6,11/16/2022,9,11/21/2022,8,11/23/2022,11,11/28/2022,4,11/30/2022,8,12/2/2022,3,12/5/2022,6,12/9/2022,2,12/12/2022,6,12/16/2022,4,12/19/2022,6,,,,,,,,
T2-17,11/2/2022,,10/19/2022,4,10/24/2022,1,10/26/2022,3,,,,,,,,,,,,,,,,,,,,,,,,,,,,,,,,,,,,,,,,,,
T2-18,,,10/19/2022,4,10/24/2022,3,10/31/2022,8,11/4/2022,10,11/7/2022,8,11/11/2022,5,11/14/2022,9,11/16/2022,7,11/21/2022,6,11/23/2022,6,11/25/2022,2,11/30/2022,7,12/2/2022,2,12/5/2022,8,12/9/2022,6,12/12/2022,7,12/16/2022,7,12/19/2022,6,,,,,,,,,,,,
T2-19,,,10/19/2022,4,10/24/2022,3,10/26/2022,2,10/28/2022,4,10/31/2022,8,11/4/2022,9,11/7/2022,8,11/9/2022,9,11/14/2022,2,11/16/2022,8,11/21/2022,5,11/23/2022,10,11/25/2022,3,11/28/2022,9,11/30/2022,1,12/2/2022,8,12/5/2022,6,12/9/2022,7,12/12/2022,3,12/14/2022,11,12/19/2022,5,,,,,,
T2-20,,,10/19/2022,3,10/24/2022,2,10/26/2022,2,10/28/2022,4,10/31/2022,7,11/4/2022,8,11/7/2022,7,11/9/2022,8,11/14/2022,7,11/16/2022,6,11/21/2022,6,11/23/2022,10,11/25/2022,7,11/28/2022,12,12/2/2022,9,12/5/2022,5,12/7/2022,1,12/9/2022,10,12/12/2022,8,12/14/2022,2,12/16/2022,5,12/19/2022,8,,,,
T2-21,,,10/19/2022,4,10/24/2022,2,10/26/2022,3,10/28/2022,3,10/31/2022,5,11/4/2022,6,11/7/2022,5,11/9/2022,4,11/14/2022,4,11/16/2022,7,11/18/2022,4,11/23/2022,8,11/25/2022,6,11/28/2022,4,12/2/2022,7,12/5/2022,5,12/7/2022,7,12/12/2022,6,12/14/2022,9,12/16/2022,2,,,,,,,,
T2-22,10/26/2022,,10/19/2022,3,10/26/2022,2,,,,,,,,,,,,,,,,,,,,,,,,,,,,,,,,,,,,,,,,,,,,
T2-23,,,10/19/2022,5,10/24/2022,2,10/26/2022,3,10/28/2022,4,10/31/2022,6,11/4/2022,7,11/7/2022,5,11/11/2022,7,11/14/2022,6,11/16/2022,4,11/21/2022,5,11/23/2022,6,11/28/2022,1,11/30/2022,7,12/2/2022,4,12/5/2022,5,12/9/2022,3,12/12/2022,4,12/16/2022,6,12/19/2022,3,,,,,,,,
T2-24,,,10/19/2022,5,10/24/2022,2,10/28/2022,3,10/31/2022,9,11/4/2022,4,11/7/2022,8,11/9/2022,1,11/11/2022,4,11/14/2022,6,11/16/2022,6,11/21/2022,3,11/23/2022,10,11/25/2022,3,11/28/2022,7,12/2/2022,7,12/5/2022,7,12/9/2022,7,12/12/2022,4,12/14/2022,9,12/19/2022,6,,,,,,,,
T2-25,10/24/2022,,10/19/2022,5,10/24/2022,2,,,,,,,,,,,,,,,,,,,,,,,,,,,,,,,,,,,,,,,,,,,,
T2-26,,,10/19/2022,4,10/21/2022,3,10/26/2022,2,10/28/2022,4,10/31/2022,5,11/4/2022,4,11/7/2022,5,11/9/2022,8,11/14/2022,6,11/16/2022,6,11/21/2022,3,11/23/2022,9,11/25/2022,6,11/28/2022,7,12/2/2022,6,12/7/2022,5,12/9/2022,8,12/14/2022,8,12/19/2022,7,,,,,,,,,,
T2-27,12/6/2022,10/31/2022,10/19/2022,1,10/24/2022,1,,,,,,,,,,,,,,,,,,,,,,,,,,,,,,,,,,,,,,,,,,,,
T2-28,,,10/19/2022,4,10/31/2022,14,11/4/2022,7,11/7/2022,6,11/11/2022,7,11/14/2022,5,11/16/2022,6,11/21/2022,6,11/23/2022,6,11/25/2022,5,11/30/2022,8,12/2/2022,8,12/7/2022,5,12/9/2022,5,12/12/2022,3,12/14/2022,10,12/19/2022,5,,,,,,,,,,,,,10/31 - two different clucthes,
T2-29,,,10/19/2022,2,10/24/2022,3,10/28/2022,4,10/31/2022,4,11/7/2022,3,11/9/2022,4,11/14/2022,4,11/16/2022,6,11/18/2022,4,11/21/2022,8,11/25/2022,7,11/28/2022,5,11/30/2022,5,12/7/2022,12,12/12/2022,3,12/14/2022,6,12/16/2022,5,12/19/2022,6,,,,,,,,,,,,
T3-1,,,10/19/2022,7,10/21/2022,4,10/24/2022,7,10/28/2022,10,10/31/2022,12,11/2/2022,12,11/7/2022,7,11/19/2022,13,11/11/2022,8,11/14/2022,11,11/18/2022,8,11/21/2022,10,11/23/2022,11,11/25/2022,1,11/28/2022,8,11/30/2022,12,12/5/2022,7,12/7/2022,8,12/9/2022,5,12/12/2022,11,12/16/2022,10,12/19/2022,9,,,,
T3-2,,,10/19/2022,5,10/21/2022,2,10/24/2022,4,11/2/2022,11,11/7/2022,9,11/9/2022,8,11/11/2022,5,11/14/2022,10,11/18/2022,9,11/21/2022,10,11/23/2022,9,11/28/2022,10,11/30/2022,10,12/2/2022,5,12/5/2022,10,12/9/2022,6,12/12/2022,7,12/16/2022,7,12/19/2022,4,,,,,,,,,,
T3-3,11/9/2022,10/31/2022,10/19/2022,5,10/21/2022,3,10/24/2022,4,10/28/2022,7,10/31/2022,6,11/2/2022,2,11/7/2022,1,,,,,,,,,,,,,,,,,,,,,,,,,,,,,,,,,,
T3-4,11/4/2022,10/28/2022,10/19/2022,2,10/21/2022,3,10/24/2022,6,10/28/2022,7,10/31/2022,7,11/2/2022,4,,,,,,,,,,,,,,,,,,,,,,,,,,,,,,,,,,,,
T3-5,12/19/2022,,10/19/2022,5,10/21/2022,4,10/24/2022,5,10/26/2022,6,10/28/2022,2,10/31/2022,10,11/2/2022,6,11/4/2022,4,11/7/2022,6,11/11/2022,8,11/14/2022,9,11/18/2022,4,11/21/2022,7,11/23/2022,7,11/30/2022,7,12/2/2022,1,12/5/2022,4,12/12/2022,5,12/16/2022,7,,,,,,,,,,
T3-6,,,10/19/2022,5,10/21/2022,4,10/24/2022,3,10/28/2022,5,10/31/2022,6,11/2/2022,6,11/4/2022,6,11/7/2022,8,11/11/2022,8,11/14/2022,5,11/16/2022,9,11/21/2022,8,11/23/2022,9,11/25/2022,5,11/28/2022,5,11/30/2022,6,12/2/2022,9,12/5/2022,6,12/9/2022,8,12/12/2022,1,12/14/2022,10,12/16/2022,1,12/19/2022,6,,
T3-7,11/18/2022,11/1/2022,10/19/2022,3,10/21/2022,5,10/24/2022,5,,,,,,,,,,,,,,,,,,,,,,,,,,,,,,,,,,,,,,,,,,
T3-8,,,10/17/2022,6,10/20/2022,2,10/21/2022,1,10/24/2022,8,10/26/2022,7,10/31/2022,9,11/2/2022,8,11/4/2022,6,11/7/2022,10,11/11/2022,9,11/14/2022,11,11/16/2022,12,11/18/2022,1,11/23/2022,11,11/28/2022,4,11/30/2022,10,12/2/2022,5,12/5/2022,10,12/9/2022,3,12/12/2022,9,12/16/2022,10,12/19/2022,5,,,10/20/22 2 babies,
T3-9,11/7/2022,10/28/2022,10/17/2022,3,10/20/2022,6,10/24/2022,3,10/26/2022,7,10/31/2022,9,11/2/2022,5,,,,,,,,,,,,,,,,,,,,,,,,,,,,,,,,,,,,
T3-10,11/7/2022,10/31/2022,10/19/2022,6,10/21/2022,5,10/24/2022,6,10/26/2022,8,10/31/2022,8,11/2/2022,6,11/7/2022,2,,,,,,,,,,,,,,,,,,,,,,,,,,,,,,,,,,
T3-11,,,10/17/2022,4,10/20/2022,4,10/24/2022,3,10/26/2022,7,10/31/2022,8,11/2/2022,8,11/4/2022,5,11/7/2022,11,11/11/2022,8,11/14/2022,11,11/16/2022,12,11/21/2022,11,11/23/2022,11,11/28/2022,3,11/30/2022,7,12/2/2022,4,12/7/2022,9,12/9/2022,1,12/12/2022,6,12/16/2022,5,12/19/2022,9,,,,,,
T3-12,11/11/2022,10/31/2022,10/19/2022,6,10/21/2022,5,10/24/2022,8,10/31/2022,5,,,,,,,,,,,,,,,,,,,,,,,,,,,,,,,,,,,,,,,,
T3-13,11/2/2022,10/28/2022,10/17/2022,3,10/20/2022,4,10/24/2022,5,10/26/2022,6,10/31/2022,9,,,,,,,,,,,,,,,,,,,,,,,,,,,,,,,,,,,,,,
T3-14,,,10/19/2022,6,10/21/2022,5,10/24/2022,9,10/28/2022,11,10/31/2022,10,11/2/2022,11,11/7/2022,7,11/9/2022,8,11/14/2022,7,11/16/2022,6,11/18/2022,4,11/23/2022,6,11/25/2022,5,11/28/2022,10,12/2/2022,7,12/5/2022,6,12/7/2022,8,12/14/2022,10,12/19/2022,6,,,,,,,,,,
T3-15,11/1/2022,10/31/2022,10/19/2022,4,10/22/2022,6,10/26/2022,5,10/28/2022,9,10/31/2022,6,,,,,,,,,,,,,,,,,,,,,,,,,,,,,,,,,,,,,,
T3-16,,,10/19/2022,4,10/22/2022,3,10/31/2022,7,11/7/2022,9,11/16/2022,2,11/21/2022,10,11/25/2022,4,11/28/2022,10,12/2/2022,4,12/7/2022,6,12/14/2022,6,12/19/2022,4,,,,,,,,,,,,,,,,,,,,,,,,
T3-17,11/4/2022,10/28/2022,10/19/2022,4,10/22/2022,4,10/26/2022,4,11/4/2022,8,,,,,,,,,,,,,,,,,,,,,,,,,,,,,,,,,,,,,,,,
T3-18,12/9/2022,10/31/2022,10/19/2022,4,10/22/2022,6,10/26/2022,4,,,,,,,,,,,,,,,,,,,,,,,,,,,,,,,,,,,,,,,,,,
T3-19,10/28/2022,,10/19/2022,4,10/20/2022,1,10/22/2022,2,10/26/2022,7,10/28/2022,8,,,,,,,,,,,,,,,,,,,,,,,,,,,,,,,,,,,,,10/20/22 1 baby,
T3-20,10/31/2022,10/28/2022,10/19/2022,7,10/22/2022,2,10/26/2022,7,10/28/2022,1,,,,,,,,,,,,,,,,,,,,,,,,,,,,,,,,,,,,,,,,
T3-21,12/9/2022,,10/19/2022,2,10/22/2022,4,10/26/2022,4,10/28/2022,6,10/31/2022,5,11/7/2022,7,11/4/2022,7,11/9/2022,8,11/14/2022,7,11/16/2022,12,11/18/2022,4,11/21/2022,8,11/25/2022,5,11/28/2022,10,11/30/2022,6,12/5/2022,5,12/7/2022,6,,,,,,,,,,,,,,
T3-22,11/7/2022,10/31/2022,10/19/2022,4,10/22/2022,4,10/26/2022,8,10/28/2022,7,10/31/2022,5,11/2/2022,1,11/4/2022,5,11/7/2022,1,,,,,,,,,,,,,,,,,,,,,,,,,,,,,,,,
T3-23,11/2/2022,10/31/2022,10/19/2022,5,10/21/2022,2,10/24/2022,7,10/28/2022,8,10/31/2022,5,11/2/2022,9,,,,,,,,,,,,,,,,,,,,,,,,,,,,,,,,,,,,
T3-24,,,10/19/2022,4,10/21/2022,5,10/24/2022,7,10/28/2022,9,10/31/2022,9,11/2/2022,9,11/7/2022,5,11/9/2022,6,11/11/2022,8,11/16/2022,13,11/18/2022,7,11/21/2022,7,11/25/2022,10,11/28/2022,10,11/30/2022,10,12/5/2022,2,12/7/2022,7,12/14/2022,9,12/16/2022,1,,,,,,,,,,
T3-25,12/2/2022,10/28/2022,10/19/2022,4,10/22/2022,3,10/26/2022,6,,,,,,,,,,,,,,,,,,,,,,,,,,,,,,,,,,,,,,,,,,
T3-26,,,10/19/2022,6,10/22/2022,4,10/26/2022,6,10/28/2022,9,10/31/2022,5,11/2/2022,8,11/7/2022,8,11/9/2022,5,11/11/2022,7,11/14/2022,13,11/18/2022,13,11/21/2022,7,11/23/2022,14,11/28/2022,3,11/30/2022,10,12/5/2022,3,12/7/2022,8,12/9/2022,4,12/12/2022,10,12/16/2022,11,12/19/2022,10,,,,,,
T3-27,11/7/2022,10/28/2022,10/19/2022,4,10/22/2022,4,10/26/2022,5,,,,,,,,,,,,,,,,,,,,,,,,,,,,,,,,,,,,,,,,,,
T3-28,12/13/2022,11/22/2022,10/19/2022,4,10/22/2022,5,10/31/2022,8,10/31/2022,10,11/4/2022,6,11/7/2022,8,11/14/2022,8,,,,,,,,,,,,,,,,,,,,,,,,,,,,,,,,,,
T3-29,11/2/2022,10/31/2022,10/19/2022,6,10/21/2022,4,10/24/2022,7,10/28/2022,12,11/2/2022,5,,,,,,,,,,,,,,,,,,,,,,,,,,,,,,,,,,,,,,
T4-1,11/14/2022,11/7/2022,10/19/2022,3,10/21/2022,2,10/24/2022,6,10/27/2022,6,10/31/2022,8,11/2/2022,12,11/7/2022,8,11/9/2022,3,,,,,,,,,,,,,,,,,,,,,,,,,,,,,,,,
T4-2,11/9/2022,11/7/2022,10/19/2022,5,10/21/2022,4,10/24/2022,7,10/31/2022,1,11/7/2022,8,,,,,,,,,,,,,,,,,,,,,,,,,,,,,,,,,,,,,,
T4-3,,,10/19/2022,4,10/21/2022,4,10/24/2022,8,10/27/2022,8,10/31/2022,9,11/2/2022,12,11/7/2022,9,11/9/2022,6,11/11/2022,7,11/14/2022,10,11/18/2022,7,11/21/2022,7,11/25/2022,10,11/28/2022,5,11/30/2022,10,12/5/2022,10,12/7/2022,1,12/9/2022,2,12/12/2022,10,12/16/2022,6,12/19/2022,8,,,,,,
T4-4,11/14/2022,11/7/2022,10/19/2022,4,10/21/2022,3,10/24/2022,6,10/27/2022,9,10/31/2022,9,11/2/2022,8,11/7/2022,12,11/9/2022,3,11/14/2022,1,,,,,,,,,,,,,,,,,,,,,,,,,,,,,,
T4-5,10/24/2022,,10/19/2022,5,10/21/2022,6,,,,,,,,,,,,,,,,,,,,,,,,,,,,,,,,,,,,,,,,,,,,
T4-6,,,10/19/2022,7,10/21/2022,2,10/24/2022,5,10/27/2022,8,10/31/2022,9,11/2/2022,9,11/7/2022,9,11/9/2022,5,11/11/2022,5,11/14/2022,7,11/18/2022,7,11/21/2022,6,11/25/2022,8,11/28/2022,7,11/30/2022,7,12/5/2022,6,12/7/2022,5,12/12/2022,1,12/14/2022,9,12/16/2022,4,12/19/2022,9,,,,,,
T4-7,11/11/2022,11/4/2022,10/19/2022,3,10/21/2022,1,10/24/2022,3,10/31/2022,4,11/2/2022,13,11/7/2022,4,,,,,,,,,,,,,,,,,,,,,,,,,,,,,,,,,,,,
T4-8,,,10/19/2022,5,10/21/2022,5,10/24/2022,7,10/27/2022,7,10/31/2022,9,11/2/2022,14,11/7/2022,8,11/9/2022,8,11/11/2022,6,11/16/2022,10,11/18/2022,7,11/21/2022,7,11/25/2022,9,11/28/2022,10,11/30/2022,12,12/5/2022,10,12/7/2022,8,12/14/2022,13,12/16/2022,6,12/19/2022,9,,,,,,,,
T4-9,,,10/17/2022,5,10/21/2022,4,10/24/2022,3,11/2/2022,15,11/4/2022,3,11/4/2022,10,11/11/2022,6,11/14/2022,9,11/16/2022,7,11/21/2022,9,11/23/2022,9,11/25/2022,3,11/30/2022,14,12/2/2022,7,12/5/2022,3,12/9/2022,5,12/12/2022,6,12/16/2022,8,12/19/2022,3,,,,,,,,,,
T4-10,11/9/2022,11/7/2022,10/19/2022,6,10/21/2022,2,10/24/2022,4,10/27/2022,7,10/31/2022,9,11/2/2022,7,11/4/2022,1,,,,,,,,,,,,,,,,,,,,,,,,,,,,,,,,,,
T4-11,11/9/2022,11/7/2022,10/17/2022,5,10/21/2022,6,10/24/2022,6,10/26/2022,7,10/31/2022,6,11/2/2022,10,11/4/2022,5,11/7/2022,3,,,,,,,,,,,,,,,,,,,,,,,,,,,,,,,"clutch 2 on 10/21/22 (looks like a 6, though could be a 5)",
T4-12,11/21/2022,11/7/2022,10/19/2022,4,10/21/2022,3,10/24/2022,5,11/2/2022,10,11/7/2022,2,,,,,,,,,,,,,,,,,,,,,,,,,,,,,,,,,,,,,,
T4-13,,,10/19/2022,5,10/21/2022,2,10/24/2022,4,11/2/2022,17,11/7/2022,10,11/9/2022,5,11/14/2022,3,11/16/2022,8,11/18/2022,6,11/21/2022,7,11/25/2022,6,11/28/2022,7,11/30/2022,9,12/5/2022,5,12/7/2022,6,12/12/2022,2,12/14/2022,8,12/19/2022,3,,,,,,,,,,,,
T4-14,11/14/2022,11/7/2022,10/17/2022,4,10/21/2022,6,10/24/2022,6,10/26/2022,7,10/31/2022,7,11/2/2022,15,11/7/2022,8,11/14/2022,1,,,,,,,,,,,,,,,,,,,,,,,,,,,,,,,,
T4-15,12/13/2022,11/8/2022,10/19/2022,2,10/24/2022,4,10/25/2022,4,,,,,,,,,,,,,,,,,,,,,,,,,,,,,,,,,,,,,,,,,,
T4-16,11/8/2022,11/1/2022,10/21/2022,2,10/24/2022,4,,,,,,,,,,,,,,,,,,,,,,,,,,,,,,,,,,,,,,,,,,,,
T4-17,12/9/2022,11/7/2022,10/19/2022,2,10/24/2022,4,10/25/2022,4,,,,,,,,,,,,,,,,,,,,,,,,,,,,,,,,,,,,,,,,,,
T4-18,11/11/2022,11/7/2022,10/19/2022,4,10/24/2022,3,10/25/2022,7,10/28/2022,5,10/31/2022,10,11/2/2022,8,,,,,,,,,,,,,,,,,,,,,,,,,,,,,,,,,,,,
T4-19,,,10/19/2022,6,10/24/2022,6,10/25/2022,5,11/4/2022,9,11/7/2022,11,11/9/2022,13,11/16/2022,12,11/18/2022,10,11/21/2022,15,11/25/2022,12,11/28/2022,13,11/30/2022,11,12/5/2022,4,12/7/2022,6,12/12/2022,1,12/14/2022,9,12/16/2022,3,12/19/2022,7,,,,,,,,,,,,
T4-20,,,10/19/2022,3,10/24/2022,3,11/4/2022,10,11/7/2022,8,11/9/2022,3,11/14/2022,4,11/16/2022,6,11/18/2022,6,11/21/2022,8,11/25/2022,7,11/28/2022,7,11/30/2022,7,12/5/2022,7,12/7/2022,6,12/14/2022,4,12/16/2022,4,12/19/2022,8,,,,,,,,,,,,,,
T4-21,11/7/2022,11/1/2022,10/19/2022,2,10/21/2022,1,10/24/2022,4,10/25/2022,3,10/31/2022,2,11/14/2022,7,11/7/2022,1,,,,,,,,,,,,,,,,,,,,,,,,,,,,,,,,,,
T4-22,11/8/2022,11/7/2022,10/19/2022,4,10/24/2022,5,10/31/2022,6,11/4/2022,9,11/7/2022,10,,,,,,,,,,,,,,,,,,,,,,,,,,,,,,,,,,,,,,
T4-23,11/14/2022,11/7/2022,10/19/2022,4,10/21/2022,1,10/24/2022,1,10/25/2022,6,10/27/2022,5,10/31/2022,7,11/2/2022,11,11/7/2022,6,11/11/2022,2,,,,,,,,,,,,,,,,,,,,,,,,,,,,,,
T4-24,11/8/2022,11/1/2022,10/19/2022,6,10/24/2022,4,10/25/2022,5,10/27/2022,6,10/31/2022,10,11/4/2022,11,11/7/2022,5,,,,,,,,,,,,,,,,,,,,,,,,,,,,,,,,,,
T4-25,,,10/19/2022,5,10/24/2022,5,10/25/2022,4,11/4/2022,9,11/7/2022,9,11/9/2022,6,11/11/2022,2,11/14/2022,10,11/16/2022,5,11/18/2022,4,11/21/2022,11,11/25/2022,8,11/28/2022,10,11/30/2022,10,12/2/2022,2,12/5/2022,5,12/7/2022,10,12/14/2022,9,12/19/2022,7,,,,,,,,,,
T4-26,,,10/19/2022,5,10/21/2022,1,10/24/2022,4,10/25/2022,5,10/28/2022,6,10/31/2022,10,11/4/2022,10,11/7/2022,9,11/9/2022,6,11/14/2022,9,11/16/2022,11,11/18/2022,3,11/21/2022,12,11/25/2022,9,11/28/2022,13,12/2/2022,11,12/5/2022,5,12/7/2022,10,12/14/2022,6,12/16/2022,1,12/19/2022,1,,,,,,
T4-27,,,10/19/2022,5,10/24/2022,3,10/25/2022,6,10/28/2022,3,10/31/2022,8,11/4/2022,8,11/4/2022,7,11/9/2022,7,11/14/2022,7,11/16/2022,10,11/18/2022,5,11/21/2022,10,11/25/2022,10,11/28/2022,9,11/30/2022,9,12/5/2022,4,12/7/2022,5,12/12/2022,7,12/16/2022,8,12/19/2022,8,,,,,,,,
T4-28,,,10/19/2022,2,10/24/2022,2,10/25/2022,3,11/7/2022,10,11/9/2022,7,11/14/2022,11,11/16/2022,7,11/18/2022,4,11/21/2022,8,11/25/2022,7,11/28/2022,13,12/2/2022,11,12/5/2022,4,12/7/2022,7,12/14/2022,5,12/19/2022,5,,,,,,,,,,,,,,,,
T4-29,,,10/19/2022,7,10/21/2022,4,10/24/2022,1,11/2/2022,14,11/4/2022,9,11/7/2022,8,11/9/2022,5,11/11/2022,6,11/14/2022,6,11/18/2022,10,11/21/2022,8,11/23/2022,3,11/25/2022,8,11/28/2022,8,11/30/2022,7,12/5/2022,8,12/7/2022,7,12/9/2022,2,12/12/2022,7,12/16/2022,6,12/19/2022,8,,,,,,
T5-1,12/13/2022,,10/19/2022,5,10/24/2022,5,10/30/2022,5,11/2/2022,12,11/7/2022,9,11/9/2022,7,11/11/2022,6,11/18/2022,10,11/21/2022,11,11/28/2022,1,11/30/2022,9,12/5/2022,9,,,,,,,,,,,,,,,,,,,,,,,,
T5-2,11/21/2022,11/8/2022,10/19/2022,7,10/21/2022,3,10/24/2022,5,10/28/2022,7,10/30/2022,7,11/2/2022,10,11/7/2022,10,11/9/2022,7,11/11/2022,5,11/16/2022,2,,,,,,,,,,,,,,,,,,,,,,,,,,,,
T5-3,,,10/19/2022,5,10/21/2022,2,10/24/2022,6,10/28/2022,7,10/30/2022,9,11/2/2022,10,11/7/2022,9,11/9/2022,5,11/11/2022,4,11/16/2022,11,11/18/2022,9,11/21/2022,7,11/25/2022,8,11/28/2022,12,11/30/2022,7,12/5/2022,10,12/7/2022,3,12/9/2022,4,12/12/2022,1,12/14/2022,10,12/16/2022,6,12/19/2022,5,,,,
T5-4,11/16/2022,11/8/2022,10/19/2022,4,10/24/2022,5,10/28/2022,6,10/30/2022,5,11/2/2022,8,11/7/2022,8,11/9/2022,7,11/11/2022,6,11/6/2022,2,,,,,,,,,,,,,,,,,,,,,,,,,,,,,,
T5-5,11/7/2022,10/28/2022,10/19/2022,5,10/24/2022,2,,,,,,,,,,,,,,,,,,,,,,,,,,,,,,,,,,,,,,,,,,,,
T5-6,,,10/19/2022,5,10/21/2022,1,10/24/2022,4,11/2/2022,14,11/7/2022,6,11/9/2022,9,11/11/2022,6,11/14/2022,8,11/18/2022,7,11/21/2022,9,11/25/2022,6,11/28/2022,6,11/30/2022,7,12/5/2022,6,12/7/2022,5,12/9/2022,2,12/14/2022,10,12/16/2022,5,12/19/2022,5,,,,,,,,,,
T5-7,12/9/2022,,10/19/2022,2,10/21/2022,2,10/24/2022,8,10/28/2022,9,10/30/2022,9,11/2/2022,6,11/4/2022,1,11/7/2022,7,11/9/2022,4,11/11/2022,6,11/16/2022,3,11/18/2022,5,11/21/2022,8,11/25/2022,8,11/28/2022,3,11/30/2022,8,12/5/2022,2,,,,,,,,,,,,,,
T5-8,11/15/2022,11/11/2022,10/19/2022,4,10/21/2022,1,10/24/2022,6,10/28/2022,8,11/2/2022,8,11/7/2022,8,11/9/2022,9,11/11/2022,9,11/14/2022,4,,,,,,,,,,,,,,,,,,,,,,,,,,,,,,
T5-9,11/11/2022,10/28/2022,10/19/2022,3,10/21/2022,1,,,,,,,,,,,,,,,,,,,,,,,,,,,,,,,,,,,,,,,,,,,,
T5-10,11/1/2022,,10/17/2022,5,10/21/2022,2,10/24/2022,3,10/28/2022,9,10/30/2022,9,,,,,,,,,,,,,,,,,,,,,,,,,,,,,,,,,,,,,,
T5-11,11/16/2022,11/8/2022,10/19/2022,5,10/21/2022,2,10/24/2022,4,10/28/2022,6,10/30/2022,5,11/2/2022,7,11/7/2022,7,11/9/2022,6,11/11/2022,5,,,,,,,,,,,,,,,,,,,,,,,,,,,,,,
T5-12,,,10/19/2022,6,10/26/2022,4,10/28/2022,8,10/31/2022,6,11/4/2022,8,11/7/2022,8,11/9/2022,4,11/11/2022,1,11/14/2022,5,11/16/2022,7,11/18/2022,5,11/21/2022,8,11/25/2022,8,11/28/2022,5,12/2/2022,5,12/5/2022,1,12/16/2022,3,12/19/2022,1,,,,,,,,,,,,
T5-13,11/11/2022,11/7/2022,10/17/2022,4,10/21/2022,1,10/24/2022,4,10/28/2022,6,10/30/2022,6,11/7/2022,1,11/9/2022,6,,,,,,,,,,,,,,,,,,,,,,,,,,,,,,,,,,
T5-14,,,10/19/2022,4,10/24/2022,4,11/2/2022,10,,,11/4/2022,5,11/7/2022,6,11/9/2022,6,11/14/2022,6,11/16/2022,8,11/18/2022,8,11/21/2022,7,11/25/2022,7,11/28/2022,3,12/2/2022,8,12/5/2022,4,12/14/2022,2,12/16/2022,2,,,,,,,,,,,,,"Two clutch numbers recorded on 11/2/2022, presumably the second was meant for the individual below but not sure, removed second one (which was in another column and was 6 babies) Though the clutch date for C9 is written on datasheet as 11/6/2022, it is assumed that this was supposed to be 11/16/2022 when this was recorded based on the fact that the other data recorded for this day is in the same color/handwriting.",
T5-15,,,10/19/2022,3,10/24/2022,2,10/26/2022,6,10/28/2022,6,10/31/2022,7,11/4/2022,7,11/7/2022,11,11/9/2022,7,11/14/2022,7,11/16/2022,7,11/21/2022,5,11/23/2022,7,11/25/2022,7,11/28/2022,8,12/2/2022,7,12/5/2022,5,12/7/2022,4,12/9/2022,2,12/12/2022,2,12/19/2022,4,,,,,,,"death date written as 11/29/2022, but animal was not actually dead. Also, though the clutch date for C10 is written on datasheet as 11/6/2022, it is assumed that this was supposed to be 11/16/2022 when this was recorded based on the fact that the other data recorded for this day is in the same color/handwriting.",
T5-16,,,10/19/2022,3,10/24/2022,2,10/26/2022,3,11/4/2022,8,11/7/2022,7,11/9/2022,6,11/14/2022,7,11/16/2022,6,11/18/2022,5,11/21/2022,9,11/25/2022,8,11/28/2022,7,11/30/2022,2,12/2/2022,4,12/5/2022,7,12/7/2022,5,12/12/2022,2,12/14/2022,8,12/16/2022,2,12/19/2022,3,,,,,,,,
T5-17,,,10/19/2022,3,10/21/2022,1,10/26/2022,5,10/28/2022,5,10/31/2022,6,11/4/2022,8,11/7/2022,8,11/9/2022,5,11/14/2022,7,11/16/2022,7,11/18/2022,6,11/21/2022,10,11/25/2022,9,11/28/2022,7,11/30/2022,7,12/7/2022,6,12/9/2022,1,12/14/2022,4,12/16/2022,5,12/19/2022,6,,,,,,,,
T5-18,11/15/2022,11/7/2022,10/19/2022,5,10/26/2022,6,10/28/2022,8,10/30/2022,1,10/31/2022,2,11/4/2022,4,11/7/2022,9,11/9/2022,7,11/14/2022,1,,,,,,,,,,,,,,,,,,,,,,,,,,,,,,
T5-19,11/21/2022,11/9/2022,10/21/2022,2,10/24/2022,2,10/31/2022,12,11/4/2022,7,11/7/2022,9,11/9/2022,7,11/14/2022,6,11/16/2022,4,,,,,,,,,,,,,,,,,,,,,,,,,,,,,,,,
T5-20,11/25/2022,11/7/2022,10/19/2022,4,10/24/2022,2,10/26/2022,3,10/31/2022,5,,,,,,,,,,,,,,,,,,,,,,,,,,,,,,,,,,,,,,,,
T5-21,11/11/2022,11/7/2022,10/19/2022,5,10/24/2022,2,10/26/2022,6,10/28/2022,4,10/31/2022,7,11/1/2022,1,11/4/2022,10,11/7/2022,2,11/9/2022,3,11/11/2022,7,,,,,,,,,,,,,,,,,,,,,,,,,,,,pretty disintegrated in tube
T5-22,,,10/19/2022,2,10/24/2022,2,10/26/2022,5,10/28/2022,4,10/31/2022,7,11/4/2022,7,11/7/2022,9,11/9/2022,6,11/14/2022,6,11/16/2022,6,11/18/2022,5,11/21/2022,8,11/25/2022,7,11/28/2022,6,12/5/2022,5,12/7/2022,8,12/12/2022,3,12/14/2022,8,12/19/2022,3,,,,,,,,,,
T5-23,11/15/2022,11/7/2022,10/21/2022,1,10/24/2022,3,10/26/2022,4,11/4/2022,7,11/7/2022,7,11/9/2022,2,11/14/2022,4,,,,,,,,,,,,,,,,,,,,,,,,,,,,,,,,,,
T5-24,,,10/19/2022,3,10/24/2022,6,10/28/2022,9,10/31/2022,8,11/4/2022,13,11/7/2022,11,11/9/2022,11,11/14/2022,6,11/16/2022,11,11/18/2022,9,11/21/2022,8,11/25/2022,10,11/28/2022,7,11/30/2022,7,12/5/2022,6,12/7/2022,5,12/9/2022,1,12/12/2022,8,12/16/2022,6,12/19/2022,2,,,,,,,,
T5-25,12/5/2022,,10/19/2022,4,10/21/2022,1,10/24/2022,1,10/26/2022,5,10/28/2022,8,10/31/2022,9,11/4/2022,8,11/7/2022,11,11/9/2022,5,11/14/2022,9,11/16/2022,8,11/18/2022,4,11/21/2022,11,11/25/2022,10,11/28/2022,5,11/30/2022,8,,,,,,,,,,,,,,,,
T5-26,11/16/2022,11/8/2022,10/19/2022,4,10/26/2022,5,10/28/2022,6,10/31/2022,8,11/4/2022,8,11/7/2022,11,11/9/2022,6,11/11/2022,2,11/14/2022,5,,,,,,,,,,,,,,,,,,,,,,,,,,,,,,
T5-27,11/14/2022,11/7/2022,10/19/2022,4,10/26/2022,4,10/28/2022,4,10/31/2022,8,11/4/2022,9,11/7/2022,10,11/9/2022,8,11/14/2022,3,,,,,,,,,,,,,,,,,,,,,,,,,,,,,,,,
T5-28,,,10/24/2022,1,11/2/2022,11,11/7/2022,9,11/9/2022,5,11/11/2022,3,11/14/2022,5,11/18/2022,6,11/21/2022,6,11/23/2022,7,11/28/2022,4,11/30/2022,8,12/5/2022,2,12/7/2022,6,12/9/2022,2,12/12/2022,5,12/16/2022,4,12/19/2022,5,,,,,,,,,,,,,,
T5-29,,,10/21/2022,12,10/24/2022,5,10/28/2022,4,10/30/2022,6,11/2/2022,8,11/7/2022,10,11/9/2022,6,11/11/2022,4,11/14/2022,8,11/21/2022,9,11/23/2022,7,11/28/2022,7,11/30/2022,7,12/2/2022,3,12/5/2022,9,12/9/2022,4,12/12/2022,8,12/14/2022,4,12/16/2022,3,12/19/2022,1,,,,,,,,
T6-1,11/30/2022,11/22/2022,10/19/2022,4,10/21/2022,5,10/24/2022,7,10/28/2022,8,10/31/2022,8,11/2/2022,11,11/7/2022,10,11/9/2022,12,11/11/2022,5,11/16/2022,12,11/18/2022,7,11/21/2022,4,11/25/2022,11,11/28/2022,7,,,,,,,,,,,,,,,,,,,,
T6-2,11/18/2022,,10/19/2022,4,10/21/2022,5,10/24/2022,6,10/28/2022,6,10/31/2022,5,11/2/2022,9,11/9/2022,1,11/14/2022,2,11/16/2022,2,,,,,,,,,,,,,,,,,,,,,,,,,,,,,,
T6-3,12/19/2022,12/6/2022,10/19/2022,4,10/21/2022,3,10/24/2022,4,11/7/2022,10,11/11/2022,7,11/14/2022,10,11/18/2022,7,,,,,,,,,,,,,,,,,,,,,,,,,,,,,,,,,,
T6-4,,,10/19/2022,5,10/21/2022,2,10/24/2022,6,10/28/2022,6,10/31/2022,7,11/2/2022,10,11/7/2022,8,11/9/2022,8,11/11/2022,4,11/16/2022,7,11/18/2022,7,11/21/2022,8,11/25/2022,11,11/28/2022,9,11/30/2022,8,12/5/2022,9,12/7/2022,10,12/9/2022,5,12/12/2022,8,12/16/2022,4,12/19/2022,10,,,,,,
T6-5,11/30/2022,11/25/2022,10/19/2022,5,10/21/2022,2,10/24/2022,4,11/2/2022,14,11/7/2022,7,11/9/2022,6,11/11/2022,4,11/14/2022,2,11/16/2022,6,11/18/2022,9,11/21/2022,6,11/28/2022,9,11/30/2022,4,,,,,,,,,,,,,,,,,,,,,,
T6-6,10/31/2022,10/31/2022,10/19/2022,4,10/21/2022,3,10/24/2022,6,10/28/2022,7,,,,,,,,,,,,,,,,,,,,,,,,,,,,,,,,,,,,,,,,"may have written death date as infected date, especially considering that this animal had no spores) "
T6-7,,,10/19/2022,3,10/21/2022,5,10/24/2022,6,10/28/2022,8,10/31/2022,8,11/2/2022,8,11/7/2022,7,11/9/2022,7,11/11/2022,1,11/14/2022,2,11/16/2022,8,11/18/2022,7,11/21/2022,2,11/25/2022,13,11/28/2022,9,11/30/2022,1,12/2/2022,7,12/5/2022,7,12/7/2022,5,12/12/2022,4,12/14/2022,9,12/16/2022,3,12/19/2022,12,,
T6-8,11/30/2022,11/25/2022,10/19/2022,5,10/21/2022,4,10/24/2022,6,10/28/2022,9,10/31/2022,8,11/2/2022,9,11/7/2022,9,11/9/2022,5,11/11/2022,3,11/16/2022,8,11/18/2022,6,11/21/2022,6,11/25/2022,9,11/28/2022,5,,,,,,,,,,,,,,,,,,,,
T6-9,11/25/2022,10/28/2022,10/19/2022,3,10/24/2022,3,,,,,,,,,,,,,,,,,,,,,,,,,,,,,,,,,,,,,,,,,,,,
T6-10,,,10/21/2022,5,10/24/2022,5,10/26/2022,6,10/28/2022,1,10/31/2022,10,11/2/2022,11,11/4/2022,8,11/7/2022,10,11/11/2022,8,11/14/2022,6,11/16/2022,9,11/21/2022,6,11/23/2022,8,11/25/2022,1,11/28/2022,8,11/30/2022,9,12/2/2022,4,12/5/2022,8,12/7/2022,2,12/12/2022,2,12/16/2022,4,12/19/2022,2,,,,
T6-11,,,10/17/2022,5,,,,,,,,,,,,,,,,,,,,,,,,,,,,,,,,,,,,,,,,,,,,,,animal dissapeared 10/17/2022
T6-12,11/25/2022,11/4/2022,10/19/2022,8,10/21/2022,1,10/24/2022,2,10/26/2022,8,10/28/2022,1,11/6/2022,5,,,,,,,,,,,,,,,,,,,,,,,,,,,,,,,,,,,,
T6-13,12/6/2022,,10/19/2022,5,10/21/2022,2,10/24/2022,5,10/28/2022,5,10/31/2022,6,11/4/2022,7,11/7/2022,5,11/9/2022,8,11/14/2022,8,11/16/2022,8,11/18/2022,5,11/21/2022,9,11/25/2022,9,11/28/2022,11,12/2/2022,3,,,,,,,,,,,,,,,,,,
T6-14,11/28/2022,11/22/2022,10/19/2022,6,10/21/2022,4,10/24/2022,3,11/2/2022,13,11/7/2022,8,11/9/2022,9,11/11/2022,4,11/14/2022,10,11/18/2022,9,11/21/2022,7,11/25/2022,8,11/28/2022,5,,,,,,,,,,,,,,,,,,,,,,,,
T6-15,11/29/2022,11/22/2022,10/19/2022,4,10/21/2022,1,10/24/2022,3,10/26/2022,5,10/28/2022,6,10/31/2022,3,11/4/2022,4,11/7/2022,6,11/9/2022,5,11/14/2022,5,11/16/2022,6,11/21/2022,7,11/25/2022,8,11/28/2022,3,,,,,,,,,,,,,,,,,,,,
T6-16,,,10/19/2022,3,10/24/2022,2,11/4/2022,8,11/11/2022,10,11/14/2022,7,11/16/2022,5,11/18/2022,4,11/21/2022,3,11/23/2022,5,11/25/2022,5,11/28/2022,11,12/2/2022,7,12/5/2022,7,12/14/2022,4,12/19/2022,3,,,,,,,,,,,,,,,,,,
T6-17,11/4/2022,,10/19/2022,5,10/24/2022,2,10/31/2022,7,,,,,,,,,,,,,,,,,,,,,,,,,,,,,,,,,,,,,,,,,,
T6-18,11/28/2022,11/1/2022,10/19/2022,4,10/24/2022,4,10/26/2022,3,,,,,,,,,,,,,,,,,,,,,,,,,,,,,,,,,,,,,,,,,,
T6-19,12/2/2022,11/22/2022,10/19/2022,5,10/26/2022,4,10/28/2022,3,10/31/2022,8,11/4/2022,7,11/7/2022,9,11/9/2022,8,11/14/2022,5,11/16/2022,9,11/21/2022,11,11/25/2022,11,11/28/2022,4,,,,,,,,,,,,,,,,,,,,,,,,
T6-20,11/23/2022,11/4/2022,10/19/2022,3,10/21/2022,4,10/24/2022,2,,,,,,,,,,,,,,,,,,,,,,,,,,,,,,,,,,,,,,,,,,
T6-21,11/28/2022,11/22/2022,10/19/2022,1,10/24/2022,5,10/26/2022,4,10/28/2022,4,10/31/2022,6,11/4/2022,6,11/7/2022,8,11/9/2022,8,11/14/2022,7,11/16/2022,6,11/21/2022,9,11/25/2022,10,11/28/2022,7,,,,,,,,,,,,,,,,,,,,,"extra egg data after death date, it was removed",
T6-22,,,10/19/2022,4,10/21/2022,2,10/24/2022,5,10/26/2022,6,10/28/2022,5,10/31/2022,7,11/4/2022,9,11/7/2022,9,11/9/2022,10,11/14/2022,6,11/16/2022,8,11/21/2022,2,11/23/2022,7,11/25/2022,8,11/28/2022,11,12/2/2022,9,12/5/2022,9,12/12/2022,5,12/14/2022,6,12/16/2022,4,,,,,,,,
T6-23,11/29/2022,11/22/2022,10/21/2022,5,10/24/2022,2,11/2/2022,6,11/4/2022,2,11/7/2022,6,11/11/2022,8,11/14/2022,8,11/16/2022,11,11/21/2022,7,11/23/2022,8,11/25/2022,6,11/29/2022,3,,,,,,,,,,,,,,,,,,,,,,,,
T6-24,11/28/2022,11/22/2022,10/19/2022,6,10/24/2022,2,10/26/2022,7,10/28/2022,5,10/31/2022,8,11/4/2022,9,11/7/2022,7,11/9/2022,9,11/14/2022,4,11/16/2022,10,11/21/2022,13,11/25/2022,10,,,,,,,,,,,,,,,,,,,,,,,,
T6-25,11/22/2022,10/31/2022,10/19/2022,5,10/24/2022,2,10/26/2022,3,10/28/2022,1,,,,,,,,,,,,,,,,,,,,,,,,,,,,,,,,,,,,,,,,
T6-26,11/28/2022,11/22/2022,10/19/2022,4,10/24/2022,2,10/26/2022,6,10/28/2022,3,10/31/2022,7,11/4/2022,8,11/7/2022,9,11/9/2022,9,11/14/2022,4,11/16/2022,10,11/18/2022,7,11/21/2022,9,11/25/2022,8,,,,,,,,,,,,,,,,,,,,,,
T6-27,11/28/2022,11/25/2022,10/24/2022,2,10/26/2022,4,10/28/2022,6,11/2/2022,8,11/4/2022,8,11/7/2022,7,11/11/2022,7,11/14/2022,7,11/16/2022,1,11/21/2022,4,11/23/2022,9,11/25/2022,1,11/28/2022,8,,,,,,,,,,,,,,,,,,,,,,
T6-28,11/25/2022,10/28/2022,10/28/2022,8,,,,,,,,,,,,,,,,,,,,,,,,,,,,,,,,,,,,,,,,,,,,,,
T6-29,11/30/2022,11/25/2022,10/19/2022,9,10/21/2022,4,10/24/2022,7,11/2/2022,7,11/7/2022,8,11/9/2022,5,11/11/2022,1,11/16/2022,8,11/18/2022,5,11/21/2022,7,11/25/2022,9,11/28/2022,3,,,,,,,,,,,,,,,,,,,,,,,,
T7-1,12/13/2022,,10/19/2022,5,10/21/2022,4,10/24/2022,3,10/28/2022,6,11/2/2022,6,11/7/2022,7,11/9/2022,6,,,11/14/2022,10,11/18/2022,9,11/21//22,8,11/23/2022,12,11/28/2022,4,11/30/2022,6,12/2/2022,3,12/5/2022,11,12/9/2022,5,12/12/2022,8,,,,,,,,,,,"clutch 8 missing #, so that clutch was skipped",
T7-2,11/7/2022,10/28/2022,10/19/2022,6,10/21/2022,5,10/24/2022,6,10/28/2022,6,10/31/2022,6,11/2/2022,2,11/7/2022,2,,,,,,,,,,,,,,,,,,,,,,,,,,,,,,,,,,
T7-3,11/7/2022,,10/19/2022,4,10/21/2022,3,10/24/2022,3,10/28/2022,4,10/31/2022,8,11/2/2022,8,,,,,,,,,,,,,,,,,,,,,,,,,,,,,,,,,,,,
T7-4,11/4/2022,10/28/2022,10/19/2022,6,10/21/2022,2,10/24/2022,3,10/28/2022,7,10/31/2022,5,11/2/2022,5,,,,,,,,,,,,,,,,,,,,,,,,,,,,,,,,,,,,
T7-5,11/1/2022,10/28/2022,10/19/2022,5,10/21/2022,3,10/24/2022,5,10/28/2022,7,10/31/2022,7,,,,,,,,,,,,,,,,,,,,,,,,,,,,,,,,,,,,,,
T7-6,,,10/19/2022,6,10/21/2022,2,10/24/2022,3,10/28/2022,5,10/31/2022,7,11/2/2022,7,11/7/2022,4,11/9/2022,5,11/11/2022,3,11/14/2022,11,11/18/2022,11,11/21/2022,10,11/23/2022,11,11/28/2022,5,11/30/2022,7,12/5/2022,11,12/7/2022,1,12/9/2022,4,12/12/2022,6,12/16/2022,6,12/19/2022,2,,,,,,
T7-7,11/2/2022,10/28/2022,10/17/2022,5,10/24/2022,8,10/26/2022,7,10/31/2022,7,11/2/2022,5,,,,,,,,,,,,,,,,,,,,,,,,,,,,,,,,,,,,,,
T7-8,,,10/19/2022,3,10/21/2022,2,10/24/2022,4,10/28/2022,4,10/31/2022,5,11/2/2022,6,11/7/2022,6,11/9/2022,6,11/11/2022,4,11/14/2022,8,11/18/2022,8,11/21/2022,9,11/25/2022,9,11/28/2022,6,11/30/2022,7,12/5/2022,4,12/7/2022,7,12/12/2022,4,12/14/2022,7,12/16/2022,6,12/19/2022,4,,,,,,
T7-9,11/4/2022,10/28/2022,10/19/2022,3,10/24/2022,3,10/28/2022,4,10/31/2022,6,11/2/2022,1,,,,,,,,,,,,,,,,,,,,,,,,,,,,,,,,,,,,,,
T7-10,11/7/2022,,10/19/2022,5,10/21/2022,1,10/24/2022,6,10/28/2022,7,10/31/2022,5,,,,,,,,,,,,,,,,,,,,,,,,,,,,,,,,,,,,,,
T7-11,,,10/19/2022,4,10/21/2022,3,10/24/2022,4,10/28/2022,8,10/31/2022,10,11/2/2022,7,11/7/2022,12,11/11/2022,6,11/14/2022,8,11/18/2022,8,11/21/2022,9,11/23/2022,8,11/30/2022,6,12/2/2022,4,12/5/2022,11,12/9/2022,2,12/16/2022,9,12/19/2022,2,,,,,,,,,,,,
T7-12,10/31/2022,10/28/2022,10/19/2022,6,10/21/2022,4,10/24/2022,6,10/28/2022,11,,,,,,,,,,,,,,,,,,,,,,,,,,,,,,,,,,,,,,,,
T7-13,12/19/2022,,10/19/2022,5,10/21/2022,2,10/24/2022,5,10/28/2022,9,10/31/2022,7,11/2/2022,9,11/7/2022,6,11/11/2022,7,11/14/2022,1,11/16/2022,5,11/18/2022,6,11/21/2022,8,11/25/2022,6,11/28/2022,8,12/2/2022,8,12/7/2022,5,,,,,,,,,,,,,,,,
T7-14,12/7/2022,,10/19/2022,6,10/21/2022,1,10/24/2022,8,10/28/2022,10,10/31/2022,8,11/2/2022,7,11/7/2022,3,11/9/2022,10,11/11/2022,7,11/14/2022,10,11/18/2022,10,11/21/2022,10,11/25/2022,10,11/28/2022,5,11/30/2022,5,12/5/2022,1,12/7/2022,3,,,,,,,,,,,,,,
T7-15,11/8/2022,10/28/2022,10/19/2022,3,10/22/2022,4,10/26/2022,3,10/28/2022,7,10/31/2022,1,11/7/2022,1,,,,,,,,,,,,,,,,,,,,,,,,,,,,,,,,,,,,
T7-16,11/11/2022,10/28/2022,10/19/2022,3,10/22/2022,2,10/24/2022,4,11/7/2022,2,,,,,,,,,,,,,,,,,,,,,,,,,,,,,,,,,,,,,,,,
T7-17,,,10/19/2022,4,10/24/2022,1,10/26/2022,5,10/28/2022,7,10/31/2022,7,11/2/2022,6,11/4/2022,1,11/7/2022,5,11/9/2022,7,11/11/2022,1,11/14/2022,2,11/16/2022,8,11/18/2022,5,11/21/2022,8,11/25/2022,10,11/28/2022,7,11/30/2022,6,12/5/2022,5,12/7/2022,5,12/9/2022,1,12/14/2022,1,12/16/2022,4,12/19/2022,6,,
T7-18,12/19/2022,,10/19/2022,4,10/22/2022,1,10/24/2022,1,10/26/2022,4,10/28/2022,5,10/31/2022,6,11/4/2022,6,11/7/2022,7,11/9/2022,8,11/14/2022,4,11/16/2022,8,11/18/2022,4,11/21/2022,8,11/25/2022,8,11/28/2022,8,12/2/2022,4,12/5/2022,6,12/7/2022,7,12/14/2022,5,12/16/2022,1,,,,,,,,
T7-19,11/7/2022,10/28/2022,10/19/2022,3,10/22/2022,3,10/26/2022,6,10/28/2022,7,10/31/2022,4,11/4/2022,3,,,,,,,,,,,,,,,,,,,,,,,,,,,,,,,,,,,,
T7-20,,,10/19/2022,4,10/22/2022,4,10/26/2022,4,10/28/2022,8,10/31/2022,6,11/4/2022,6,11/7/2022,7,11/9/2022,7,11/14/2022,5,11/16/2022,9,11/18/2022,4,11/21/2022,10,11/25/2022,8,11/28/2022,8,12/2/2022,4,12/7/2022,9,12/12/2022,6,12/14/2022,5,12/16/2022,6,12/19/2022,4,,,,,,,,
T7-21,,,10/19/2022,4,10/22/2022,5,10/24/2022,3,10/28/2022,7,10/31/2022,9,11/2/2022,9,11/7/2022,10,11/9/2022,6,11/11/2022,6,11/14/2022,11,11/18/2022,11,11/21/2022,11,11/25/2022,10,11/28/2022,2,11/30/2022,6,12/2/2022,1,12/5/2022,4,12/7/2022,7,12/9/2022,7,12/12/2022,8,12/9/2022,7,12/12/2022,8,12/16/2022,5,,
T7-22,11/7/2022,10/28/2022,10/19/2022,4,10/22/2022,4,10/26/2022,7,10/28/2022,10,10/31/2022,6,11/4/2022,5,,,,,,,,,,,,,,,,,,,,,,,,,,,,,,,,,,,,
T7-23,,,10/19/2022,6,10/24/2022,5,10/28/2022,8,10/31/2022,4,11/2/2022,8,11/7/2022,5,11/9/2022,6,11/11/2022,5,11/14/2022,1,11/16/2022,10,11/18/2022,7,11/21/2022,5,11/25/2022,8,11/28/2022,5,11/30/2022,6,12/7/2022,7,12/14/2022,9,12/16/2022,3,12/19/2022,2,,,,,,,,,,
T7-24,11/2/2022,10/31/2022,10/19/2022,5,10/22/2022,2,10/26/2022,6,10/28/2022,10,10/31/2022,6,,,,,,,,,,,,,,,,,,,,,,,,,,,,,,,,,,,,,,
T7-25,,,10/19/2022,3,10/21/2022,4,10/24/2022,7,10/28/2022,10,10/31/2022,7,11/2/2022,8,11/7/2022,3,11/9/2022,7,11/11/2022,7,11/14/2022,10,11/18/2022,7,11/21/2022,9,11/23/2022,10,11/28/2022,4,11/30/2022,8,12/5/2022,4,12/7/2022,6,12/9/2022,2,12/14/2022,8,12/16/2022,2,12/19/2022,9,,,,,,
T7-26,12/9/2022,,10/19/2022,6,10/22/2022,2,10/26/2022,3,10/28/2022,10,10/31/2022,8,11/4/2022,12,11/7/2022,13,11/9/2022,10,11/14/2022,3,11/16/2022,11,11/18/2022,7,11/21/2022,9,11/23/2022,1,11/25/2022,8,11/28/2022,8,11/30/2022,10,,,,,,,,,,,,,,,,
T7-27,,,10/19/2022,4,10/22/2022,1,10/26/2022,8,10/28/2022,7,10/31/2022,7,11/2/2022,7,11/7/2022,8,11/9/2022,8,11/11/2022,6,11/14/2022,10,11/18/2022,9,11/21/2022,8,11/23/2022,10,11/28/2022,3,11/30/2022,6,12/5/2022,4,12/7/2022,5,12/9/2022,3,12/16/2022,4,12/19/2022,1,,,,,,,,
T7-28,11/7/2022,10/28/2022,10/19/2022,3,10/21/2022,4,10/24/2022,4,10/28/2022,5,10/31/2022,8,11/2/2022,4,,,,,,,,,,,,,,,,,,,,,,,,,,,,,,,,,,,,
T7-29,,,10/19/2022,6,10/21/2022,3,10/24/2022,4,10/28/2022,11,10/31/2022,9,11/2/2022,10,11/7/2022,6,11/9/2022,11,11/11/2022,8,11/14/2022,10,11/18/2022,9,11/21/2022,8,11/23/2022,12,11/28/2022,6,11/30/2022,10,12/5/2022,6,12/7/2022,8,12/16/2022,5,12/19/2022,5,,,,,,,,,,
T8-1,12/19/2022,,10/19/2022,6,10/21/2022,8,10/24/2022,6,10/27/2022,7,10/31/2022,9,11/2/2022,15,11/7/2022,10,11/9/2022,10,11/11/2022,6,11/14/2022,6,11/18/2022,8,11/21/2022,12,11/23/2022,13,11/28/2022,12,11/30/2022,12,12/2/2022,1,12/5/2022,3,12/9/2022,7,12/14/2022,9,12/19/2022,2,,,,,,,,
T8-2,11/11/2022,11/2/2022,10/17/2022,4,10/21/2022,5,10/24/2022,6,10/26/2022,7,10/31/2022,8,11/2/2022,13,11/4/2022,7,11/7/2022,4,,,,,,,,,,,,,,,,,,,,,,,,,,,,,,,,
T8-3,11/7/2022,11/2/2022,10/17/2022,4,10/21/2022,4,10/24/2022,4,10/26/2022,6,10/31/2022,12,11/2/2022,4,11/4/2022,8,11/7/2022,1,,,,,,,,,,,,,,,,,,,,,,,,,,,,,,,,
T8-4,11/7/2022,11/1/2022,10/19/2022,5,10/21/2022,4,10/24/2022,5,10/27/2022,8,10/31/2022,6,11/2/2022,8,11/7/2022,4,,,,,,,,,,,,,,,,,,,,,,,,,,,,,,,,,,
T8-5,,,10/19/2022,6,10/21/2022,1,10/24/2022,4,10/27/2022,7,10/31/2022,9,11/2/2022,14,11/7/2022,8,11/9/2022,7,11/11/2022,5,11/14/2022,10,11/18/2022,10,11/21/2022,10,11/23/2022,12,11/28/2022,5,11/30/2022,10,12/5/2022,4,12/7/2022,9,12/9/2022,3,12/14/2022,6,12/16/2022,7,12/19/2022,4,,,,,,
T8-6,11/14/2022,,10/19/2022,5,10/21/2022,2,10/24/2022,6,10/27/2022,8,11/2/2022,13,11/7/2022,8,11/9/2022,2,,,,,,,,,,,,,,,,,,,,,,,,,,,,,,,,,,
T8-7,11/11/2022,11/1/2022,10/19/2022,3,10/21/2022,4,10/24/2022,2,10/27/2022,7,10/31/2022,8,11/2/2022,11,11/9/2022,4,11/11/2022,1,,,,,,,,,,,,,,,,,,,,,,,,,,,,,,,,
T8-8,12/7/2022,,10/19/2022,5,10/21/2022,5,10/24/2022,4,10/27/2022,6,10/31/2022,9,11/2/2022,9,11/7/2022,7,11/9/2022,10,11/11/2022,5,11/14/2022,7,11/18/2022,9,11/21/2022,7,11/23/2022,8,11/25/2022,2,11/28/2022,9,11/30/2022,7,12/5/2022,4,12/7/2022,1,,,,,,,,,,,,
T8-9,11/14/2022,11/4/2022,10/19/2022,5,10/21/2022,4,10/24/2022,7,10/27/2022,8,10/31/2022,10,11/2/2022,13,11/7/2022,5,11/9/2022,3,,,,,,,,,,,,,,,,,,,,,,,,,,,,,,,disintegrated and extra water in tube,
T8-10,10/24/2022,,10/19/2022,6,10/21/2022,3,10/24/2022,3,,,,,,,,,,,,,,,,,,,,,,,,,,,,,,,,,,,,,,,,,knocked over on 10/24,
T8-11,11/7/2022,11/2/2022,10/19/2022,5,10/21/2022,2,10/24/2022,6,10/27/2022,7,10/31/2022,9,11/2/2022,12,,,,,,,,,,,,,,,,,,,,,,,,,,,,,,,,,,,,
T8-12,10/31/2022,,10/19/2022,4,10/21/2022,2,10/24/2022,4,10/27/2022,4,,,,,,,,,,,,,,,,,,,,,,,,,,,,,,,,,,,,,,,,
T8-13,11/14/2022,11/2/2022,10/19/2022,6,10/21/2022,3,10/24/2022,4,10/27/2022,8,10/31/2022,10,11/2/2022,14,11/7/2022,9,11/9/2022,2,,,,,,,,,,,,,,,,,,,,,,,,,,,,,,,disintegrated and extra water in tube,
T8-14,,,10/19/2022,4,10/21/2022,3,10/24/2022,5,10/27/2022,7,10/31/2022,8,11/2/2022,11,11/7/2022,9,11/9/2022,8,11/11/2022,5,11/16/2022,8,11/18/2022,9,11/21/2022,9,11/25/2022,9,11/28/2022,12,11/30/2022,13,12/5/2022,7,12/7/2022,6,12/9/2022,1,12/14/2022,9,12/16/2022,5,12/19/2022,12,,,,,"clutch #15 (11/30/22) looks like 13 in datasheet, but could be a 3 (seems like a large number of offspring to have after 12 in the previous round)",
T8-15,11/9/2022,11/2/2022,10/19/2022,5,10/25/2022,3,10/28/2022,8,10/31/2022,8,11/2/2022,11,11/7/2022,9,,,,,,,,,,,,,,,,,,,,,,,,,,,,,,,,,,,,
T8-16,11/11/2022,11/1/2022,10/19/2022,5,10/24/2022,1,10/25/2022,3,10/28/2022,8,10/31/2022,10,11/4/2022,12,11/7/2022,6,,,,,,,,,,,,,,,,,,,,,,,,,,,,,,,,,,
T8-17,11/11/2022,11/8/2022,10/19/2022,3,10/31/2022,6,11/4/2022,8,11/7/2022,3,11/9/2022,5,,,,,,,,,,,,,,,,,,,,,,,,,,,,,,,,,,,,,,
T8-18,11/14/2022,11/4/2022,10/19/2022,3,10/24/2022,11,10/27/2022,6,10/31/2022,11,11/2/2022,15,11/7/2022,10,11/9/2022,3,,,,,,,,,,,,,,,,,,,,,,,,,,,,,,,,,disintegrated and extra water in tube,
T8-19,,,10/19/2022,3,10/24/2022,4,10/25/2022,5,10/28/2022,4,10/31/2022,7,11/4/2022,6,11/7/2022,5,11/9/2022,6,11/14/2022,4,11/16/2022,7,11/18/2022,5,11/21/2022,8,11/25/2022,8,11/28/2022,8,11/30/2022,6,12/5/2022,4,12/7/2022,7,12/14/2022,7,12/16/2022,8,12/19/2022,6,,,,,,,,
T8-20,12/9/2022,,10/19/2022,3,10/24/2022,2,10/25/2022,4,10/28/2022,4,10/31/2022,8,11/4/2022,9,11/7/2022,7,11/9/2022,7,11/14/2022,6,11/16/2022,9,11/18/2022,3,11/21/2022,9,11/25/2022,10,11/28/2022,9,12/2/2022,9,12/5/2022,7,12/7/2022,7,,,,,,,,,,,,,,
T8-21,11/14/2022,11/2/2022,10/19/2022,4,10/24/2022,4,10/25/2022,5,10/28/2022,2,10/31/2022,7,11/2/2022,10,11/7/2022,7,11/9/2022,2,,,,,,,,,,,,,,,,,,,,,,,,,,,,,,,,
T8-22,,,10/19/2022,4,10/21/2022,2,10/24/2022,3,10/27/2022,5,10/31/2022,7,11/2/2022,11,11/7/2022,13,11/9/2022,7,11/14/2022,10,11/18/2022,10,11/21/2022,8,11/23/2022,7,11/25/2022,4,11/30/2022,8,12/2/2022,4,12/5/2022,4,12/9/2022,4,12/12/2022,2,12/14/2022,5,,,,,,,,,,
T8-23,,,10/19/2022,4,10/24/2022,4,10/25/2022,4,10/28/2022,6,10/31/2022,7,11/4/2022,8,11/7/2022,9,11/9/2022,8,11/14/2022,5,11/16/2022,12,11/18/2022,4,11/21/2022,10,11/25/2022,4,11/28/2022,7,12/2/2022,3,12/5/2022,2,12/7/2022,5,12/12/2022,4,12/14/2022,2,12/19/2022,1,,,,,,,,
T8-24,,,10/19/2022,4,10/24/2022,4,10/28/2022,6,10/31/2022,7,11/4/2022,8,11/7/2022,9,11/9/2022,10,11/14/2022,5,11/16/2022,7,11/18/2022,4,11/21/2022,7,11/25/2022,5,11/28/2022,6,11/30/2022,2,12/2/2022,2,12/5/2022,2,12/7/2022,6,12/9/2022,2,12/12/2022,2,12/14/2022,5,12/16/2022,6,12/19/2022,2,,,,
T8-25,11/11/2022,11/1/2022,10/19/2022,5,10/28/2022,6,10/31/2022,7,11/4/2022,12,11/7/2022,5,,,,,,,,,,,,,,,,,,,,,,,,,,,,,,,,,,,,,,
T8-26,11/14/2022,11/7/2022,10/19/2022,4,10/24/2022,2,10/25/2022,4,10/27/2022,6,10/31/2022,8,11/2/2022,11,11/7/2022,10,11/9/2022,2,,,,,,,,,,,,,,,,,,,,,,,,,,,,,,,disintegrated and extra water in tube,
T8-27,11/9/2022,11/2/2022,10/19/2022,3,10/24/2022,5,10/25/2022,5,10/28/2022,4,10/31/2022,7,11/4/2022,6,11/7/2022,6,,,,,,,,,,,,,,,,,,,,,,,,,,,,,,,,,,
T8-28,11/9/2022,11/1/2022,10/19/2022,1,10/21/2022,2,10/24/2022,6,10/27/2022,5,10/31/2022,6,11/2/2022,9,11/7/2022,7,11/9/2022,2,,,,,,,,,,,,,,,,,,,,,,,,,,,,,,,,
T8-29,11/9/2022,11/2/2022,10/19/2022,4,10/21/2022,5,10/24/2022,6,10/27/2022,7,10/31/2022,12,11/2/2022,13,11/4/2022,1,11/7/2022,10,11/9/2022,3,,,,,,,,,,,,,,,,,,,,,,,,,,,,,,
T9-1,11/15/2022,11/9/2022,10/19/2022,3,10/21/2022,3,10/24/2022,6,10/28/2022,6,10/30/2022,6,11/2/2022,4,11/7/2022,8,11/9/2022,6,11/11/2022,6,11/14/2022,1,,,,,,,,,,,,,,,,,,,,,,,,,,,"extra egg data after death, it was removed",
T9-2,,,10/19/2022,5,10/21/2022,2,10/24/2022,5,10/28/2022,7,10/30/2022,9,11/2/2022,9,11/7/2022,7,11/9/2022,10,11/11/2022,9,11/14/2022,6,11/18/2022,9,11/23/2022,8,11/28/2022,7,11/30/2022,10,12/2/2022,4,12/5/2022,9,12/9/2022,4,12/12/2022,7,12/16/2022,6,12/19/2022,3,,,,,,,,
T9-3,11/25/2022,,10/19/2022,5,10/21/2022,4,10/24/2022,5,10/26/2022,7,10/30/2022,7,11/1/2022,9,11/4/2022,11,11/7/2022,12,11/11/2022,10,11/14/2022,1,11/18/2022,7,11/23/2022,8,,,,,,,,,,,,,,,,,,,,,,,,
T9-4,11/14/2022,11/8/2022,10/19/2022,6,10/21/2022,2,10/24/2022,4,10/28/2022,6,10/30/2022,6,11/2/2022,9,11/9/2022,4,11/11/2022,2,,,,,,,,,,,,,,,,,,,,,,,,,,,,,,,,
T9-5,11/14/2022,11/8/2022,10/19/2022,5,10/21/2022,5,10/24/2022,8,10/28/2022,5,10/30/2022,7,11/2/2022,9,11/7/2022,11,11/9/2022,10,11/11/2022,6,,,,,,,,,,,,,,,,,,,,,,,,,,,,,disintegrated and extra water in tube,
T9-6,11/9/2022,11/8/2022,10/19/2022,4,10/21/2022,4,10/24/2022,5,10/30/2022,9,11/2/2022,9,11/7/2022,1,,,,,,,,,,,,,,,,,,,,,,,,,,,,,,,,,,,,
T9-7,11/14/2022,11/8/2022,10/19/2022,4,10/21/2022,1,10/24/2022,6,10/28/2022,8,11/2/2022,9,11/7/2022,11,11/9/2022,11,11/11/2022,5,,,,,,,,,,,,,,,,,,,,,,,,,,,,,,,disintegrated and extra water in tube,
T9-8,,,10/19/2022,6,10/21/2022,2,10/24/2022,6,10/28/2022,7,10/30/2022,7,11/2/2022,13,11/7/2022,13,11/9/2022,11,11/11/2022,7,11/14/2022,9,11/16/2022,1,11/18/2022,9,11/21/2022,8,11/25/2022,8,11/28/2022,5,11/30/2022,7,12/5/2022,4,12/7/2022,7,12/12/2022,7,12/14/2022,12,12/16/2022,1,12/19/2022,8,,,,
T9-9,,,10/17/2022,4,10/21/2022,2,10/24/2022,6,10/26/2022,6,10/30/2022,8,11/1/2022,9,11/4/2022,10,11/7/2022,11,11/11/2022,9,11/14/2022,9,11/16/2022,9,11/21/2022,7,11/23/2022,9,11/25/2022,2,11/30/2022,13,12/2/2022,3,12/5/2022,6,12/9/2022,7,12/12/2022,8,12/14/2022,7,12/16/2022,1,,,,,,
T9-10,11/15/2022,11/8/2022,10/17/2022,3,10/21/2022,5,10/24/2022,6,10/26/2022,7,10/30/2022,8,11/1/2022,5,11/4/2022,10,11/7/2022,10,11/11/2022,7,11/14/2022,4,,,,,,,,,,,,,,,,,,,,,,,,,,,not preserved ,
T9-11,,,10/19/2022,4,10/21/2022,1,10/24/2022,8,10/28/2022,9,10/30/2022,10,,,11/2/2022,10,,,11/9/2022,12,11/11/2022,6,11/14/2022,10,11/18/2022,7,11/21/2022,9,11/25/2022,6,11/30/2022,6,12/5/2022,5,12/7/2022,4,12/14/2022,7,12/16/2022,2,12/19/2022,4,,,,,,,,
T9-12,12/16/2022,,10/19/2022,4,10/21/2022,4,10/24/2022,6,10/28/2022,7,10/30/2022,7,,,11/2/2022,8,11/7/2022,11,11/9/2022,8,11/11/2022,2,11/16/2022,8,11/18/2022,6,11/21/2022,8,11/25/2022,7,11/28/2022,6,11/30/2022,6,12/5/2022,1,12/9/2022,5,12/14/2022,2,,,,,,,,,,
T9-13,,,10/21/2022,6,10/24/2022,4,10/26/2022,5,10/28/2022,1,10/30/2022,4,10/31/2022,8,11/4/2022,7,11/7/2022,8,11/9/2022,9,11/14/2022,7,11/16/2022,7,11/21/2022,9,11/23/2022,7,11/25/2022,1,11/28/2022,10,12/2/2022,3,12/5/2022,5,12/9/2022,4,12/12/2022,3,12/16/2022,3,,,,,,,,
T9-14,11/14/2022,11/8/2022,10/19/2022,4,10/21/2022,4,10/24/2022,7,10/28/2022,8,10/30/2022,8,11/2/2022,9,11/7/2022,11,11/9/2022,9,11/11/2022,5,,,,,,,,,,,,,,,,,,,,,,,,,,,,,disintegrated and extra water in tube,
T9-15,,,10/19/2022,5,10/24/2022,2,10/26/2022,6,10/28/2022,8,10/31/2022,3,11/4/2022,10,11/7/2022,7,11/9/2022,6,11/14/2022,9,11/16/2022,8,11/18/2022,5,11/21/2022,9,11/25/2022,2,11/28/2022,9,11/30/2022,7,12/2/2022,4,12/5/2022,4,12/7/2022,4,12/12/2022,4,12/14/2022,5,12/16/2022,1,,,,,,
T9-16,11/21/2022,11/9/2022,10/19/2022,5,10/21/2022,1,10/24/2022,4,10/26/2022,5,10/28/2022,5,10/31/2022,3,11/4/2022,10,11/7/2022,9,11/9/2022,8,11/14/2022,7,11/16/2022,3,,,,,,,,,,,,,,,,,,,,,,,,,death date matched against tube,
T9-17,11/16/2022,11/8/2022,10/19/2022,7,10/24/2022,3,10/26/2022,5,10/28/2022,7,10/31/2022,4,11/7/2022,1,11/9/2022,4,11/14/2022,2,,,,,,,,,,,,,,,,,,,,,,,,,,,,,,,,
T9-18,,,10/19/2022,2,10/21/2022,1,10/24/2022,4,10/26/2022,4,10/28/2022,4,10/31/2022,3,11/4/2022,6,11/7/2022,5,11/9/2022,9,11/14/2022,6,11/16/2022,10,11/18/2022,6,11/21/2022,9,11/25/2022,7,11/28/2022,7,12/2/2022,9,12/5/2022,3,12/7/2022,6,12/14/2022,5,12/16/2022,2,12/19/2022,1,,,,,,
T9-19,11/11/2022,11/8/2022,10/19/2022,4,10/24/2022,5,10/26/2022,5,10/28/2022,7,10/31/2022,2,11/1/2022,1,11/4/2022,3,11/7/2022,4,11/9/2022,9,,,,,,,,,,,,,,,,,,,,,,,,,,,,,,
T9-20,11/18/2022,11/8/2022,10/19/2022,3,10/24/2022,2,10/26/2022,6,10/28/2022,8,10/31/2022,8,,,11/4/2022,9,11/7/2022,8,11/9/2022,7,11/14/2022,5,,,,,,,,,,,,,,,,,,,,,,,,,,,,
T9-21,,,10/19/2022,5,10/21/2022,1,10/24/2022,2,10/26/2022,5,10/28/2022,5,10/31/2022,6,11/4/2022,4,11/7/2022,5,11/9/2022,2,11/11/2022,2,11/14/2022,2,11/16/2022,6,11/21/2022,1,11/23/2022,5,11/25/2022,5,11/28/2022,4,12/2/2022,2,12/5/2022,1,12/9/2022,5,12/14/2022,6,,,,,,,,
T9-22,,,10/19/2022,5,10/21/2022,1,10/24/2022,3,10/26/2022,4,10/28/2022,6,10/31/2022,4,11/4/2022,7,11/7/2022,9,11/9/2022,6,11/14/2022,4,11/16/2022,7,11/18/2022,4,11/21/2022,7,11/25/2022,6,11/28/2022,3,11/30/2022,6,12/7/2022,5,12/19/2022,1,,,,,,,,,,,,
T9-23,11/15/2022,11/8/2022,10/19/2022,4,10/24/2022,2,10/26/2022,7,10/28/2022,4,10/31/2022,8,11/4/2022,5,11/7/2022,8,11/9/2022,4,11/14/2022,3,,,,,,,,,,,,,,,,,,,,,,,,,,,,,,
T9-24,11/11/2022,11/8/2022,10/19/2022,5,10/24/2022,2,10/26/2022,8,10/28/2022,9,10/31/2022,8,11/4/2022,9,11/7/2022,11,11/9/2022,8,,,,,,,,,,,,,,,,,,,,,,,,,,,,,,,,
T9-25,10/19/2022,,,,,,,,,,,,,,,,,,,,,,,,,,,,,,,,,,,,,,,,,,,,,,,,knocked over on 10/19,
T9-26,11/18/2022,11/8/2022,10/19/2022,4,10/28/2022,2,10/31/2022,6,11/4/2022,3,,,,,11/7/2022,8,11/9/2022,4,11/14/2022,3,,,,,,,,,,,,,,,,,,,,,,,,,,,,,disintegrated and extra water in tube,
T9-27,11/14/2022,11/8/2022,10/19/2022,4,10/26/2022,7,10/28/2022,6,10/31/2022,5,11/4/2022,4,,,11/7/2022,5,11/9/2022,8,11/14/2022,5,,,,,,,,,,,,,,,,,,,,,,,,,,,,,death date matched against tube,
T9-28,11/16/2022,11/8/2022,10/21/2022,6,10/24/2022,7,10/26/2022,7,10/28/2022,1,10/30/2022,8,11/1/2022,8,11/4/2022,7,11/7/2022,13,11/11/2022,9,11/14/2022,3,,,,,,,,,,,,,,,,,,,,,,,,,,,,
T9-29,11/11/2022,11/8/2022,10/17/2022,4,10/19/2022,5,10/21/2022,3,10/24/2022,6,10/28/2022,7,10/30/2022,7,11/2/2022,7,11/7/2022,4,11/9/2022,3,,,,,,,,,,,,,,,,,,,,,,,,,,,,,,
T10-1,11/28/2022,11/22/2022,10/19/2022,6,10/21/2022,2,10/24/2022,3,10/28/2022,7,10/31/2022,9,11/2/2022,11,11/7/2022,9,11/9/2022,6,11/11/2022,3,11/16/2022,7,11/18/2022,5,11/25/2022,7,11/28/2022,2,,,,,,,,,,,,,,,,,,,,,,
T10-2,12/2/2022,11/22/2022,10/19/2022,1,10/21/2022,2,10/24/2022,4,10/28/2022,8,10/31/2022,7,11/2/2022,8,11/7/2022,6,11/9/2022,6,11/11/2022,5,11/16/2022,8,11/18/2022,7,11/21/2022,7,11/25/2022,11,11/28/2022,5,,,,,,,,,,,,,,,,,,,,
T10-3,11/25/2022,11/22/2022,10/19/2022,5,10/21/2022,4,10/24/2022,3,10/28/2022,7,10/31/2022,8,11/2/2022,9,11/7/2022,8,11/9/2022,7,11/11/2022,8,11/14/2022,7,11/18/2022,6,11/21/2022,6,11/25/2022,12,,,,,,,,,,,,,,,,,,,,,,
T10-4,11/28/2022,,10/19/2022,3,10/28/2022,1,11/2/2022,3,11/4/2022,8,11/7/2022,7,11/11/2022,7,11/14/2022,6,11/16/2022,7,11/21/2022,4,11/23/2022,7,11/25/2022,5,,,,,,,,,,,,,,,,,,,,,,,,,,
T10-5,,11/25/2022,10/19/2022,5,10/21/2022,3,10/24/2022,6,10/28/2022,8,10/31/2022,9,11/2/2022,9,11/7/2022,10,11/9/2022,7,11/11/2022,5,11/16/2022,8,11/18/2022,8,11/21/2022,5,11/25/2022,11,11/28/2022,9,11/30/2022,9,12/5/2022,10,12/7/2022,8,12/14/2022,6,12/16/2022,10,,,,,,,,,,
T10-6,11/25/2022,11/22/2022,10/19/2022,4,10/21/2022,4,10/24/2022,7,10/28/2022,9,10/31/2022,11,11/2/2022,9,11/7/2022,6,11/9/2022,5,11/14/2022,6,11/18/2022,6,11/21/2022,3,11/23/2022,5,,,,,,,,,,,,,,,,,,,,,,,,
T10-7,11/25/2022,11/22/2022,10/19/2022,3,10/21/2022,1,10/24/2022,5,10/28/2022,7,10/31/2022,9,11/2/2022,5,11/4/2022,1,11/7/2022,8,11/9/2022,6,11/11/2022,5,11/16/2022,8,11/18/2022,6,11/21/2022,4,11/25/2022,10,,,,,,,,,,,,,,,,,,,,
T10-8,11/25/2022,11/22/2022,10/19/2022,3,10/21/2022,1,10/24/2022,7,10/28/2022,10,10/31/2022,12,11/2/2022,6,11/4/2022,2,11/7/2022,2,11/9/2022,8,11/11/2022,7,11/14/2022,5,11/16/2022,1,11/18/2022,7,11/21/2022,8,11/25/2022,10,,,,,,,,,,,,,,,,,,
T10-9,11/28/2022,11/23/2022,10/17/2022,4,10/21/2022,2,10/26/2022,6,10/31/2022,8,11/2/2022,10,11/4/2022,5,11/7/2022,7,11/11/2022,7,11/14/2022,7,11/16/2022,7,11/21/2022,6,11/23/2022,8,11/28/2022,4,,,,,,,,,,,,,,,,,,,,,,
T10-10,11/28/2022,11/25/2022,10/19/2022,4,10/21/2022,3,10/24/2022,4,10/28/2022,6,10/31/2022,3,11/2/2022,5,11/7/2022,5,11/9/2022,2,11/11/2022,2,11/14/2022,4,11/18/2022,6,11/21/2022,5,11/25/2022,8,11/28/2022,7,,,,,,,,,,,,,,,,,,,,
T10-11,11/28/2022,11/23/2022,10/19/2022,4,10/21/2022,3,10/24/2022,7,10/28/2022,8,10/31/2022,4,11/2/2022,6,11/7/2022,3,11/9/2022,6,11/11/2022,4,11/14/2022,2,11/16/2022,10,11/18/2022,4,11/21/2022,7,11/25/2022,12,11/28/2022,6,,,,,,,,,,,,,,,,,,
T10-12,11/28/2022,11/22/2022,10/19/2022,4,10/21/2022,2,10/24/2022,6,10/28/2022,7,10/31/2022,6,11/2/2022,7,11/7/2022,6,11/9/2022,7,11/11/2022,3,11/16/2022,8,11/18/2022,8,11/21/2022,8,11/25/2022,11,11/28/2022,1,,,,,,,,,,,,,,,,,,,,
T10-13,11/30/2022,11/25/2022,10/19/2022,5,10/21/2022,4,10/24/2022,9,10/28/2022,8,10/31/2022,9,11/2/2022,9,11/7/2022,7,11/9/2022,8,11/11/2022,1,11/14/2022,7,11/16/2022,9,11/18/2022,5,11/21/2022,12,11/25/2022,9,11/28/2022,11,,,,,,,,,,,,,,,,,,
T10-14,,,10/19/2022,4,10/21/2022,2,10/24/2022,7,10/28/2022,9,10/31/2022,6,11/2/2022,7,11/7/2022,6,11/9/2022,4,11/11/2022,1,11/14/2022,2,11/16/2022,6,11/18/2022,5,11/21/2022,5,11/25/2022,7,11/28/2022,8,12/2/2022,6,12/5/2022,7,12/7/2022,3,12/14/2022,1,12/16/2022,5,12/19/2022,7,,,,,,
T10-15,11/25/2022,,10/19/2022,5,10/24/2022,4,10/26/2022,7,10/28/2022,4,10/31/2022,6,11/4/2022,9,11/7/2022,5,11/9/2022,5,11/14/2022,5,11/16/2022,6,11/18/2022,4,11/21/2022,10,11/25/2022,8,,,,,,,,,,,,,,,,,,,,,,
T10-16,11/25/2022,11/22/2022,10/19/2022,3,10/24/2022,2,10/26/2022,6,10/28/2022,4,10/31/2022,5,11/4/2022,6,11/7/2022,7,11/9/2022,6,11/14/2022,5,11/16/2022,6,11/18/2022,3,11/21/2022,8,11/25/2022,7,,,,,,,,,,,,,,,,,,,,,,
T10-17,12/2/2022,11/25/2022,10/19/2022,4,10/24/2022,3,10/26/2022,4,10/28/2022,4,10/31/2022,5,11/4/2022,5,11/7/2022,6,11/9/2022,8,11/14/2022,6,11/16/2022,6,11/18/2022,3,11/21/2022,7,11/25/2022,7,11/28/2022,5,,,,,,,,,,,,,,,,,,,,
T10-18,11/25/2022,11/22/2022,10/19/2022,4,10/24/2022,4,10/26/2022,7,10/28/2022,5,10/31/2022,6,11/4/2022,6,11/7/2022,4,11/9/2022,5,11/14/2022,8,11/16/2022,8,11/18/2022,5,11/21/2022,10,11/25/2022,10,,,,,,,,,,,,,,,,,,,,,,
T10-19,11/28/2022,11/25/2022,10/19/2022,6,10/24/2022,2,10/26/2022,5,10/28/2022,8,10/31/2022,5,11/4/2022,6,11/7/2022,8,11/9/2022,7,11/14/2022,6,11/16/2022,4,11/18/2022,5,11/21/2022,11,11/25/2022,7,11/28/2022,9,,,,,,,,,,,,,,,,,,,,
T10-20,11/29/2022,11/22/2022,10/19/2022,3,10/21/2022,1,10/24/2022,3,10/26/2022,6,10/28/2022,7,10/31/2022,7,11/4/2022,8,11/7/2022,9,11/9/2022,7,11/11/2022,1,11/14/2022,7,11/16/2022,10,11/18/2022,4,11/21/2022,6,11/23/2022,3,11/25/2022,8,11/28/2022,2,,,,,,,,,,,,,,
T10-21,,,10/19/2022,4,10/24/2022,7,10/28/2022,6,10/31/2022,5,11/2/2022,3,11/9/2022,5,11/11/2022,6,11/14/2022,6,11/18/2022,7,11/21/2022,5,11/23/2022,8,11/28/2022,7,11/30/2022,6,12/2/2022,7,12/5/2022,8,12/7/2022,9,12/9/2022,5,12/16/2022,8,12/19/2022,7,,,,,,,,,,
T10-22,,,10/19/2022,2,10/21/2022,2,10/24/2022,4,10/28/2022,4,10/31/2022,4,11/2/2022,5,11/4/2022,1,11/7/2022,5,11/9/2022,5,11/11/2022,4,11/14/2022,2,11/18/2022,4,11/21/2022,2,11/23/2022,8,11/28/2022,7,12/2/2022,2,12/5/2022,6,12/14/2022,5,12/19/2022,4,,,,,,,,,,
T10-23,11/28/2022,,10/19/2022,5,10/24/2022,2,10/26/2022,7,10/28/2022,5,10/31/2022,6,11/4/2022,5,11/7/2022,4,11/9/2022,8,11/14/2022,6,11/16/2022,8,11/18/2022,2,11/21/2022,7,11/25/2022,11,11/28/2022,1,,,,,,,,,,,,,,,,,,,,
T10-24,11/25/2022,11/22/2022,10/19/2022,2,10/26/2022,2,10/28/2022,4,10/31/2022,7,11/4/2022,7,11/7/2022,5,11/9/2022,9,11/14/2022,8,11/16/2022,6,11/18/2022,2,11/21/2022,9,11/25/2022,6,,,,,,,,,,,,,,,,,,,,,,,,
T10-25,12/2/2022,11/22/2022,10/19/2022,5,10/24/2022,3,10/26/2022,8,10/28/2022,5,10/31/2022,6,11/4/2022,8,11/7/2022,8,11/9/2022,8,11/14/2022,8,11/16/2022,2,11/21/2022,3,11/23/2022,7,11/25/2022,8,,,,,,,,,,,,,,,,,,,,,,
T10-26,11/29/2022,11/22/2022,10/19/2022,4,10/24/2022,2,10/26/2022,5,10/28/2022,6,10/31/2022,6,11/4/2022,5,11/7/2022,9,11/9/2022,12,11/14/2022,6,11/16/2022,7,11/18/2022,6,11/21/2022,10,11/25/2022,3,,,,,,,,,,,,,,,,,,,,,,
T10-27,,,10/19/2022,5,10/28/2022,2,10/31/2022,2,11/2/2022,8,11/7/2022,6,11/9/2022,6,11/14/2022,3,11/16/2022,7,11/18/2022,3,11/21/2022,8,11/23/2022,9,11/25/2022,7,11/28/2022,10,12/2/2022,8,12/5/2022,7,12/12/2022,2,12/14/2022,11,12/16/2022,2,,,,,,,,,,,,
T10-28,12/5/2022,11/25/2022,10/19/2022,3,10/24/2022,9,10/28/2022,6,10/31/2022,7,11/2/2022,7,11/7/2022,7,11/9/2022,4,11/11/2022,6,11/16/2022,5,11/18/2022,3,11/21/2022,5,11/25/2022,5,11/28/2022,6,,,,,,,,,,,,,,,,,,,,,"death dates for t10-28 and t10-29 initially got mixed up, but these dates were checked against the tubes",
T10-29,11/25/2022,11/22/2022,10/17/2022,3,10/21/2022,2,10/24/2022,2,10/26/2022,9,10/31/2022,9,11/2/2022,11,11/4/2022,8,11/7/2022,11,11/11/2022,8,11/14/2022,5,11/18/2022,7,11/21/2022,4,,,,,,,,,,,,,,,,,,,,,,,,
