sample ID ,past_exposed,metsch_exposed,date1,size1,date2,size2,date3,size3,date4,size4,date5,size5,date6,size6,date7,size7,date8,size8,date9,size9,notes ,Terminal infection ,expstart
T1-1,,,10/18/2022,1423.44,10/25/2022,1541.76,11/1/2022,1678.4,11/8/2022,1720.02,,,,,,,,,,,,none,10/15/2022
T1-2,,,10/18/2022,1373.11,10/25/2022,1527.98,11/1/2022,1626.03,11/8/2022,1755.01,11/15/2022,1785.23,11/22/2022,1809.33,11/29/2022,1861.47,12/6/2022,1980.47,12/13/2022,1986.53,,none,10/15/2022
T1-3,,,10/18/2022,1576.34,,,,,,,,,,,,,,,,,,none,10/15/2022
T1-4,,,10/18/2022,1360.59,,,,,,,,,,,,,,,,,,none,10/15/2022
T1-5,,,10/18/2022,1442.58,,,,,,,,,,,,,,,,,,none,10/15/2022
T1-6,,,10/18/2022,1388.43,,,,,,,,,,,,,,,,,,none,10/15/2022
T1-7,,,10/18/2022,1350.03,,,,,,,,,,,,,,,,,,none,10/15/2022
T1-8,,,10/18/2022,1324.25,,,,,,,,,,,,,,,,,,none,10/15/2022
T1-9,,,10/18/2022,1491.89,,,,,,,,,,,,,,,,,,none,10/15/2022
T1-10,,,10/18/2022,1436.11,,,,,,,,,,,,,,,,,,none,10/15/2022
T1-11,,,10/18/2022,1448.48,,,,,,,,,,,,,,,,,,none,10/15/2022
T1-12,,,10/18/2022,1376.07,,,,,,,,,,,,,,,,,,none,10/15/2022
T1-13,,,10/18/2022,1386.35,,,,,,,,,,,,,,,,,,none,10/15/2022
T1-14,,,10/18/2022,1506.81,10/25/2022,1608.44,11/1/2022,1769.73,11/8/2022,1851.35,11/15/2022,1910.71,11/22/2022,1981.68,11/29/2022,1963.82,12/6/2022,2021.94,12/13/2022,2067.63,,none,10/15/2022
T1-15,,,10/18/2022,1451.12,10/25/2022,1597.65,11/1/2022,1751.39,11/8/2022,1798.91,11/15/2022,1887.93,11/22/2022,1943.24,,,,,,,,none,10/15/2022
T1-16,,,10/18/2022,1189.92,,,,,,,,,,,,,,,,,,none,10/15/2022
T1-17,,,10/18/2022,1310.87,,,,,,,,,,,,,,,,,,none,10/15/2022
T1-18,,,10/18/2022,1392.95,10/25/2022,1500.48,11/1/2022,1685.66,11/8/2022,1810.33,11/15/2022,1902.87,11/22/2022,1919.65,11/29/2022,1987.37,12/6/2022,2048.64,12/13/2022,2065.2,,none,10/15/2022
T1-19,,,10/18/2022,1382.88,10/25/2022,1480.83,11/1/2022,1699.64,11/8/2022,1770.32,11/15/2022,1863.13,11/22/2022,2039.97,11/29/2022,2055.17,12/6/2022,2098.74,12/13/2022,2098.12,,none,10/15/2022
T1-20,,,10/18/2022,1455.35,10/25/2022,1573.98,11/1/2022,1811.53,11/8/2022,1821.89,11/15/2022,1994.84,11/22/2022,1986.86,11/29/2022,2103.54,12/6/2022,2082.22,12/13/2022,2079.9,,none,10/15/2022
T1-21,,,10/18/2022,1348.09,10/25/2022,1480.54,11/1/2022,1751.93,11/8/2022,1793.23,11/15/2022,1903.21,11/22/2022,1930.21,11/29/2022,2049.64,12/6/2022,2011.54,12/13/2022,2060.46,,none,10/15/2022
T1-22,,,10/18/2022,1304.72,,,,,,,,,,,,,,,,,,none,10/15/2022
T1-23,,,10/18/2022,1470.1,10/25/2022,1576.7,11/1/2022,1662.91,11/8/2022,1774.52,11/15/2022,1861.21,11/22/2022,1870.63,11/29/2022,1987.58,12/6/2022,2036.74,12/13/2022,2020,tail gone 11/15/22,none,10/15/2022
T1-24,,,10/18/2022,1515.19,10/25/2022,1516.8,11/1/2022,1731.54,11/8/2022,1761.6,11/15/2022,1866.88,11/22/2022,1956.81,11/29/2022,2008.87,12/6/2022,2043.05,12/13/2022,2068.74,,none,10/15/2022
T1-25,,,10/18/2022,1381.68,,,,,,,,,,,,,,,,,,none,10/15/2022
T1-26,,,10/18/2022,1220.23,10/25/2022,1320.69,11/1/2022,1521.92,11/8/2022,1613.05,11/15/2022,1725.68,11/22/2022,1807.17,11/29/2022,1804.36,12/6/2022,1911.52,12/13/2022,1910.3,,none,10/15/2022
T1-27,,,10/18/2022,1376.95,,,,,,,,,,,,,,,,,,none,10/15/2022
T1-28,,,10/18/2022,1362.43,10/25/2022,1513.97,11/1/2022,1619.28,11/8/2022,1725.34,11/15/2022,1809.58,11/22/2022,1908.5,11/29/2022,1905.44,12/6/2022,1935.19,12/13/2022,1924.68,,none,10/15/2022
T1-29,,,10/18/2022,1322.8,10/25/2022,1539.53,,,,,,,,,,,,,,,,none,10/15/2022
T2-1,10/15/2022,,10/18/2022,1401.97,10/25/2022,1558.84,11/1/2022,1747.26,11/8/2022,1836.77,11/15/2022,1927.4,11/22/2022,2055.75,11/29/2022,2062.96,12/6/2022,2098.36,12/13/2022,2121.05,,none,10/15/2022
T2-2,10/15/2022,,10/18/2022,1352.94,10/25/2022,1497.56,11/1/2022,1652.97,11/8/2022,1768.86,11/15/2022,1782.33,11/22/2022,1948.48,11/29/2022,1978.48,12/6/2022,1968.89,12/13/2022,1996.81,,none,10/15/2022
T2-3,10/15/2022,,10/18/2022,1521.27,,,,,,,,,,,,,,,,,,none,10/15/2022
T2-4,10/15/2022,,10/18/2022,1382.15,10/25/2022,1525.22,11/1/2022,1727.97,11/8/2022,1793.42,11/15/2022,1871.66,11/22/2022,1919.49,11/29/2022,1997.04,12/6/2022,2039.76,12/13/2022,2086.25,,none,10/15/2022
T2-5,10/15/2022,,10/18/2022,1379.6,10/25/2022,1508.8,11/1/2022,1693.06,11/8/2022,1794.83,11/15/2022,1916.18,11/22/2022,1983.33,,,,,,,,past,10/15/2022
T2-6,10/15/2022,,10/18/2022,1443.25,10/25/2022,1579.33,11/1/2022,1693.94,11/8/2022,1754.98,11/15/2022,1850.22,11/22/2022,1901.02,11/29/2022,1953.39,12/6/2022,2058.11,12/13/2022,2085.15,,past,10/15/2022
T2-7,10/15/2022,,10/18/2022,1373.39,10/25/2022,1595.71,11/1/2022,1710.27,11/8/2022,1862.7,11/15/2022,1906.72,11/22/2022,1965.39,11/29/2022,2030.82,12/6/2022,2079.41,12/13/2022,2060.61,,past,10/15/2022
T2-8,10/15/2022,,10/18/2022,1322.69,10/25/2022,1491.56,11/1/2022,1620.81,11/8/2022,1742.38,11/15/2022,1809.74,11/22/2022,1881.03,11/29/2022,1936.41,12/6/2022,1968.99,12/13/2022,2012.15,,none,10/15/2022
T2-9,10/15/2022,,10/18/2022,1286.96,10/25/2022,1447.08,11/1/2022,1643.62,11/8/2022,1682.81,11/15/2022,1812.77,11/22/2022,1881.86,11/29/2022,1945.52,12/6/2022,1981.52,12/13/2022,2029.47,,none,10/15/2022
T2-10,10/15/2022,,10/18/2022,1454.82,10/25/2022,1603.87,11/1/2022,1738.79,11/8/2022,1847.84,11/15/2022,1880.9,11/22/2022,1983.63,11/29/2022,2038.3,12/6/2022,2071.42,12/13/2022,2067.12,,none,10/15/2022
T2-11,10/15/2022,,10/18/2022,1477.02,10/25/2022,1640.57,11/1/2022,1889.66,11/8/2022,1944.26,11/15/2022,1957.98,11/22/2022,2018.61,11/29/2022,2001.69,12/6/2022,2069.27,12/13/2022,2073.45,,none,10/15/2022
T2-12,10/15/2022,,10/18/2022,1369.44,10/25/2022,1586.7,11/1/2022,1796.64,11/8/2022,1814.53,11/15/2022,1909.45,11/22/2022,1977.38,11/29/2022,1978.9,12/6/2022,2034.99,12/13/2022,2060.36,,none,10/15/2022
T2-13,10/15/2022,,10/18/2022,1499.75,10/25/2022,1607.01,11/1/2022,1783.72,11/8/2022,1824.66,11/15/2022,1843.17,11/22/2022,1967.12,11/29/2022,1979.42,12/6/2022,2027.96,12/13/2022,2057.51,,none,10/15/2022
T2-14,10/15/2022,,10/18/2022,1446.31,10/25/2022,1537.53,,,,,,,,,,,,,,,,none,10/15/2022
T2-15,10/15/2022,,10/18/2022,1468.5,10/25/2022,1585.63,11/1/2022,1793.03,11/8/2022,1787.41,11/15/2022,1922.06,11/22/2022,1955.42,11/29/2022,1965.36,12/6/2022,2025.16,12/13/2022,2007.6,,none,10/15/2022
T2-16,10/15/2022,,10/18/2022,1489.18,10/25/2022,1586.53,11/1/2022,1763.57,11/8/2022,1802.71,11/15/2022,1934.75,11/22/2022,1990.84,11/29/2022,2041.82,12/6/2022,2089.47,12/13/2022,2094.96,,none,10/15/2022
T2-17,10/15/2022,,10/18/2022,1324.67,10/25/2022,1479.03,11/1/2022,1537.27,,,,,,,,,,,,,Molting on 11/1?,none,10/15/2022
T2-18,10/15/2022,,10/18/2022,1396.91,10/25/2022,1568.82,11/1/2022,1748.32,11/8/2022,1836.26,11/15/2022,1960.1,11/22/2022,1960.16,11/29/2022,1998,12/6/2022,2027.7,12/13/2022,2058.11,,none,10/15/2022
T2-19,10/15/2022,,10/18/2022,1425.21,10/25/2022,1530.49,11/1/2022,1766.62,11/8/2022,1848.74,11/15/2022,1859.81,11/22/2022,2065.9,11/29/2022,2125.81,12/6/2022,2167.54,12/13/2022,2173.83,,none,10/15/2022
T2-20,10/15/2022,,10/18/2022,1412.7,10/25/2022,1553.76,11/1/2022,1750.19,11/8/2022,1790.03,11/15/2022,1908.9,11/22/2022,2001.97,11/29/2022,2085.18,12/6/2022,2124.8,12/13/2022,2184.39,,none,10/15/2022
T2-21,10/15/2022,,10/18/2022,1235.38,10/25/2022,1247.27,11/1/2022,1576.04,11/8/2022,1629.52,11/15/2022,1782.57,11/22/2022,1834.3,11/29/2022,1925.32,12/6/2022,1935.69,12/13/2022,2023.56,,none,10/15/2022
T2-22,10/15/2022,,10/18/2022,1276.41,10/25/2022,1362.08,,,,,,,,,,,,,,,,none,10/15/2022
T2-23,10/15/2022,,10/18/2022,1373.68,10/25/2022,1529.13,11/1/2022,1710.24,11/8/2022,1742.69,11/15/2022,1778.84,11/22/2022,1872.09,11/29/2022,1908.28,12/6/2022,1932.86,12/13/2022,1963.12,,none,10/15/2022
T2-24,10/15/2022,,10/18/2022,1468.36,10/25/2022,1539.66,11/1/2022,1711.16,11/8/2022,1732.57,11/15/2022,1818.75,11/22/2022,1926.16,11/29/2022,2009.84,12/6/2022,2080.75,12/13/2022,2055.52,,none,10/15/2022
T2-25,10/15/2022,,10/18/2022,1428.58,,,,,,,,,,,,,,,,,,none,10/15/2022
T2-26,10/15/2022,,10/18/2022,1317.68,10/25/2022,1470.51,11/1/2022,1625.9,11/8/2022,1703.26,11/15/2022,1773.6,11/22/2022,1946.68,11/29/2022,1965.46,12/6/2022,1984.44,12/13/2022,2033.23,,none,10/15/2022
T2-27,10/15/2022,,10/18/2022,1195.36,10/25/2022,1390.9,11/1/2022,1627.59,11/8/2022,1695.52,11/15/2022,1805.55,11/22/2022,1886,11/29/2022,1962,,,,,,past,10/15/2022
T2-28,10/15/2022,,10/18/2022,1316.85,10/25/2022,1482.95,11/1/2022,1743.13,11/8/2022,1793.66,11/15/2022,1875.03,11/22/2022,1953.32,11/29/2022,1970.22,12/6/2022,1975.8,12/13/2022,2047.19,,none,10/15/2022
T2-29,10/15/2022,,10/18/2022,1114.33,10/25/2022,1341.66,11/1/2022,1464.65,11/8/2022,1541.75,11/15/2022,1663.62,11/22/2022,1728.03,11/29/2022,1721.74,12/6/2022,1786.88,12/13/2022,1822.91,,none,10/15/2022
T3-1,10/15/2022,10/20/2022,10/18/2022,1511.26,10/25/2022,1644.64,11/1/2022,1838,11/8/2022,1905.26,11/15/2022,1983.07,11/22/2022,2057.27,11/29/2022,2114.91,12/6/2022,2142.26,12/13/2022,2154.32,,none,10/15/2022
T3-2,10/15/2022,10/20/2022,10/18/2022,1432.28,10/25/2022,1547.95,11/1/2022,1707.63,11/8/2022,1777.24,11/15/2022,1875.2,11/22/2022,1929.26,11/29/2022,2059.32,12/6/2022,2053.82,12/13/2022,2066.18,,none,10/15/2022
T3-3,10/15/2022,10/20/2022,10/18/2022,1399.74,10/25/2022,1514.87,11/1/2022,1595.69,11/8/2022,1602.02,,,,,,,,,,,,coinfected,10/15/2022
T3-4,10/15/2022,10/20/2022,10/18/2022,1458.34,10/25/2022,1611.57,11/1/2022,1689.04,,,,,,,,,,,,,,metsch,10/15/2022
T3-5,10/15/2022,10/20/2022,10/18/2022,1469.48,10/25/2022,1616.88,11/1/2022,1738.4,11/8/2022,1820.02,11/15/2022,1873.46,11/22/2022,1929.55,11/29/2022,1974.08,12/6/2022,2018.64,12/13/2022,2035.2,,none,10/15/2022
T3-6,10/15/2022,10/20/2022,10/18/2022,1403.77,10/25/2022,1494.02,11/1/2022,1668.9,11/8/2022,1740.45,11/15/2022,1836.25,11/22/2022,1883.36,11/29/2022,1978.31,12/6/2022,2041.07,12/13/2022,2044.87,,none,10/15/2022
T3-7,10/15/2022,10/20/2022,10/18/2022,1398.85,10/25/2022,1511.08,11/1/2022,1695.73,11/8/2022,1869.11,11/15/2022,1967.56,,,,,,,,,,past,10/15/2022
T3-8,10/15/2022,10/20/2022,10/18/2022,1472.82,10/25/2022,1662.87,11/1/2022,1782.84,11/8/2022,1863.22,11/15/2022,1948.84,11/22/2022,2037.14,11/29/2022,2017.52,12/6/2022,2089.67,12/13/2022,2141.18,,none,10/15/2022
T3-9,10/15/2022,10/20/2022,10/18/2022,1463.47,10/25/2022,1599.81,11/1/2022,1762.04,,,,,,,,,,,,,,metsch,10/15/2022
T3-10,10/15/2022,10/20/2022,10/18/2022,1499.48,10/25/2022,1656.58,11/1/2022,1775.6,,,,,,,,,,,,,,metsch,10/15/2022
T3-11,10/15/2022,10/20/2022,10/18/2022,1410,10/25/2022,1590.34,11/1/2022,1782.35,11/8/2022,1832.23,11/15/2022,1951.4,11/22/2022,2013.5,11/29/2022,2028.6,12/6/2022,2052.92,12/13/2022,2067.7,,none,10/15/2022
T3-12,10/15/2022,10/20/2022,10/18/2022,1405.57,10/25/2022,1633.85,11/1/2022,1761.09,11/8/2022,1769.81,,,,,,,,,,,,coinfected,10/15/2022
T3-13,10/15/2022,10/20/2022,10/18/2022,1405.73,10/25/2022,1590.56,11/1/2022,1671.64,,,,,,,,,,,,,,metsch,10/15/2022
T3-14,10/15/2022,10/20/2022,10/18/2022,1523.36,10/25/2022,1712.44,11/1/2022,1785.73,11/8/2022,1852.75,11/15/2022,1880.18,11/22/2022,1938.74,11/29/2022,1969.23,12/6/2022,2046.58,12/13/2022,2023.47,,none,10/15/2022
T3-15,10/15/2022,10/20/2022,10/18/2022,1406.35,10/25/2022,1644.7,,,,,,,,,,,,,,,,metsch,10/15/2022
T3-16,10/15/2022,10/20/2022,10/18/2022,1223.98,10/25/2022,1468.16,11/1/2022,1627.75,11/8/2022,1737.31,11/15/2022,1847.72,11/22/2022,1864.4,11/29/2022,1908.32,12/6/2022,1980.34,12/13/2022,2000.36,,none,10/15/2022
T3-17,10/15/2022,10/20/2022,10/18/2022,1340.09,10/25/2022,1621.29,11/1/2022,1711.39,,,,,,,,,,,,,,coinfected,10/15/2022
T3-18,10/15/2022,10/20/2022,10/18/2022,1371.92,10/25/2022,1655.8,11/1/2022,1815.99,11/8/2022,1896.87,11/15/2022,1985.14,11/22/2022,2071.95,11/29/2022,2079.38,12/6/2022,2093.79,,,,past,10/15/2022
T3-19,10/15/2022,10/20/2022,10/18/2022,1326.94,10/25/2022,1544.16,,,,,,,,,,,,,,,,none,10/15/2022
T3-20,10/15/2022,10/20/2022,10/18/2022,1464.45,10/25/2022,1690.68,,,,,,,,,,,,,,,,metsch,10/15/2022
T3-21,10/15/2022,10/20/2022,10/18/2022,1258.98,10/25/2022,1527.58,11/1/2022,1647.33,11/8/2022,1707.4,11/15/2022,1831.26,11/22/2022,1895.88,11/29/2022,1893.83,12/6/2022,1979.16,,,,none,10/15/2022
T3-22,10/15/2022,10/20/2022,10/18/2022,1413.39,10/25/2022,1670.45,11/1/2022,1706.34,,,,,,,,,,,,,,metsch,10/15/2022
T3-23,10/15/2022,10/20/2022,10/18/2022,1397.95,10/25/2022,1638.9,11/1/2022,1667.09,,,,,,,,,,,,,,metsch,10/15/2022
T3-24,10/15/2022,10/20/2022,10/18/2022,1386.35,10/25/2022,1693.15,11/1/2022,1774.98,11/8/2022,1818.44,11/15/2022,1936.54,11/22/2022,2030.03,11/29/2022,2093.14,12/6/2022,2146.4,12/13/2022,2091.31,,none,10/15/2022
T3-25,10/15/2022,10/20/2022,10/18/2022,1448.2,10/25/2022,1767.65,11/1/2022,1864.76,11/8/2022,1975.3,11/15/2022,2053.78,11/22/2022,2172.86,11/29/2022,2146.35,,,,,,past,10/15/2022
T3-26,10/15/2022,10/20/2022,10/18/2022,1426.3,10/25/2022,1641.13,11/1/2022,1716.53,11/8/2022,1857.71,11/15/2022,1926.91,11/22/2022,1996.22,11/29/2022,2019.13,12/6/2022,2058.36,12/13/2022,2047.53,,none,10/15/2022
T3-27,10/15/2022,10/20/2022,10/18/2022,1331.18,10/25/2022,1635.79,11/1/2022,1745.31,,,,,,,,,,,,,,coinfected,10/15/2022
T3-28,10/15/2022,10/20/2022,10/18/2022,1315.84,10/25/2022,1568.53,11/1/2022,1772.81,11/8/2022,1870.56,11/15/2022,1902.93,11/22/2022,2028.34,11/29/2022,2017.93,12/6/2022,2080.18,,,,past,10/15/2022
T3-29,10/15/2022,10/20/2022,10/18/2022,1561.55,10/25/2022,1697.38,11/1/2022,1709.99,,,,,,,,,,,,,,metsch,10/15/2022
T4-1,10/15/2022,10/25/2022,10/18/2022,1428.87,10/25/2022,1567.12,11/1/2022,1725.71,11/8/2022,1756.67,,,,,,,,,,,,metsch,10/15/2022
T4-2,10/15/2022,10/25/2022,10/18/2022,1456.78,10/25/2022,1619.23,11/1/2022,1817.36,11/8/2022,1919.07,,,,,,,,,,,,coinfected,10/15/2022
T4-3,10/15/2022,10/25/2022,10/18/2022,1511.7,10/25/2022,1646.63,11/1/2022,1708.72,11/8/2022,1874.67,11/15/2022,1918.95,11/22/2022,1993.05,11/29/2022,2071.87,12/6/2022,2080.93,12/13/2022,2109.3,,none,10/15/2022
T4-4,10/15/2022,10/25/2022,10/18/2022,1477.56,10/25/2022,1613,11/1/2022,1764.17,11/8/2022,1799.31,,,,,,,,,,,,coinfected,10/15/2022
T4-5,10/15/2022,10/25/2022,10/18/2022,1426.16,,,,,,,,,,,,,,,,,,none,10/15/2022
T4-6,10/15/2022,10/25/2022,10/18/2022,1417.48,10/25/2022,1532.28,11/1/2022,1624.73,11/8/2022,1772.21,11/15/2022,1823.37,11/22/2022,1937.37,11/29/2022,1969.61,12/6/2022,1992.7,12/13/2022,2028.99,,none,10/15/2022
T4-7,10/15/2022,10/25/2022,10/18/2022,1239.23,10/25/2022,1513,11/1/2022,1691.51,11/8/2022,1765.67,,,,,,,,,,,,coinfected,10/15/2022
T4-8,10/15/2022,10/25/2022,10/18/2022,1528.58,10/25/2022,1645.03,11/1/2022,1770.84,11/8/2022,1894.95,11/15/2022,1934.52,11/22/2022,1999.13,11/29/2022,2047.48,12/6/2022,2152.21,12/13/2022,2133.19,,none,10/15/2022
T4-9,10/15/2022,10/25/2022,10/18/2022,1378.41,10/25/2022,1528.66,11/1/2022,1755.29,11/8/2022,1816.94,11/15/2022,1852.57,11/22/2022,1939.11,11/29/2022,2029.7,12/6/2022,2004.56,12/13/2022,2086.52,,none,10/15/2022
T4-10,10/15/2022,10/25/2022,10/18/2022,1478.21,10/25/2022,1649.18,11/1/2022,1716.45,11/8/2022,1808.03,,,,,,,,,,,,coinfected,10/15/2022
T4-11,10/15/2022,10/25/2022,10/18/2022,1507.73,10/25/2022,1694.98,11/1/2022,1832.74,11/8/2022,1831.97,,,,,,,,,,,,metsch,10/15/2022
T4-12,10/15/2022,10/25/2022,10/18/2022,1382.58,10/25/2022,1613.72,11/1/2022,1817.79,11/8/2022,1936.69,11/15/2022,2028.23,,,,,,,,,,past,10/15/2022
T4-13,10/15/2022,10/25/2022,10/18/2022,1493.76,10/25/2022,1628.64,11/1/2022,1790.39,11/8/2022,1851.97,11/15/2022,1908.03,11/22/2022,1973.02,11/29/2022,2028.07,12/6/2022,2048.38,12/13/2022,2063.56,,none,10/15/2022
T4-14,10/15/2022,10/25/2022,10/18/2022,1490.28,10/25/2022,1682.6,11/1/2022,1867.6,11/8/2022,1896.06,,,,,,,,,,,,metsch,10/15/2022
T4-15,10/15/2022,10/25/2022,10/18/2022,1190.11,10/25/2022,1439.59,11/1/2022,1581.48,11/8/2022,1693.11,11/15/2022,1816.89,11/22/2022,1850.11,11/29/2022,1902.66,12/6/2022,1962.47,,,,coinfected,10/15/2022
T4-16,10/15/2022,10/25/2022,10/18/2022,1205.82,10/25/2022,1414.65,11/1/2022,1663.67,,,,,,,,,,,,,,coinfected,10/15/2022
T4-17,10/15/2022,10/25/2022,10/18/2022,1251.98,10/25/2022,1526.81,11/1/2022,1700.37,11/8/2022,1814.03,11/15/2022,1895.33,11/22/2022,1996.5,11/29/2022,2060.58,12/6/2022,2081.8,,,,past,10/15/2022
T4-18,10/15/2022,10/25/2022,10/18/2022,1371.5,10/25/2022,1635.11,11/1/2022,1772.16,11/8/2022,1773.14,,,,,,,,,,,,metsch,10/15/2022
T4-19,10/15/2022,10/25/2022,10/18/2022,1375.92,10/25/2022,1671.09,11/1/2022,1808.65,11/8/2022,1884.74,11/15/2022,1973.39,11/22/2022,2056.78,11/29/2022,2124.07,12/6/2022,2104.15,12/13/2022,2103.01,,none,10/15/2022
T4-20,10/15/2022,10/25/2022,10/18/2022,1216.95,10/25/2022,1508.08,11/1/2022,1618.77,11/8/2022,1698.99,11/15/2022,1813.76,11/22/2022,1866.75,11/29/2022,1940.16,12/6/2022,1947.53,12/13/2022,2036.41,,none,10/15/2022
T4-21,10/15/2022,10/25/2022,10/18/2022,1244.46,10/25/2022,1484.85,11/1/2022,1637.74,,,,,,,,,,,,,,metsch,10/15/2022
T4-22,10/15/2022,10/25/2022,10/18/2022,1315.98,10/25/2022,1620.57,11/1/2022,1712.47,,,,,,,,,,,,,,metsch,10/15/2022
T4-23,10/15/2022,10/25/2022,10/18/2022,1366.52,10/25/2022,1558.24,11/1/2022,1662.83,11/8/2022,1690.47,,,,,,,,,,,,metsch,10/15/2022
T4-24,10/15/2022,10/25/2022,10/18/2022,1473.62,10/25/2022,1584.27,11/1/2022,1739.27,,,,,,,,,,,,,,metsch,10/15/2022
T4-25,10/15/2022,10/25/2022,10/18/2022,1444.32,10/25/2022,1670.57,11/1/2022,1755.84,11/8/2022,1834.21,11/15/2022,1963.68,11/22/2022,2003.59,11/29/2022,2069.06,12/6/2022,2079.98,12/13/2022,2096.58,,none,10/15/2022
T4-26,10/15/2022,10/25/2022,10/18/2022,1384.43,10/25/2022,1694.36,11/1/2022,1832.99,11/8/2022,1914.64,11/15/2022,2018.13,11/22/2022,2088.45,11/29/2022,2093.78,12/6/2022,2175.84,12/13/2022,2142.38,,none,10/15/2022
T4-27,10/15/2022,10/25/2022,10/18/2022,1327.95,10/25/2022,1561.47,11/1/2022,1713.3,11/8/2022,1758.16,11/15/2022,1916.75,11/22/2022,1937.65,11/29/2022,2004.91,12/6/2022,1983.82,12/13/2022,2073.14,,none,10/15/2022
T4-28,10/15/2022,10/25/2022,10/18/2022,1263.25,10/25/2022,1551.3,11/1/2022,1685.43,11/8/2022,1768.4,11/15/2022,1894.92,11/22/2022,1954.3,11/29/2022,2006.09,12/6/2022,2045.58,12/13/2022,2044.79,,none,10/15/2022
T4-29,10/15/2022,10/25/2022,10/18/2022,1314.06,10/25/2022,1537.08,11/1/2022,1681.88,11/8/2022,1747.05,11/15/2022,1838.86,11/22/2022,1856.51,11/29/2022,1910.02,12/6/2022,1975.2,12/13/2022,1982.09,,none,10/15/2022
T5-1,10/15/2022,10/30/2022,10/18/2022,1460.35,10/25/2022,1541.58,11/1/2022,1811.67,11/8/2022,1896.44,11/15/2022,1965.91,11/22/2022,2014.72,11/29/2022,1992.68,12/6/2022,2042.77,,,,none,10/15/2022
T5-2,10/15/2022,10/30/2022,10/18/2022,1488.04,10/25/2022,1619.3,11/1/2022,1724.03,11/8/2022,1865.56,11/15/2022,1906.43,,,,,,,,,,metsch,10/15/2022
T5-3,10/15/2022,10/30/2022,10/18/2022,1446.7,10/25/2022,1609.08,11/1/2022,1733.73,11/8/2022,1831.15,11/15/2022,1885.23,11/22/2022,1974.18,11/29/2022,1969.78,12/6/2022,2028.39,12/13/2022,2068.75,,none,10/15/2022
T5-4,10/15/2022,10/30/2022,10/18/2022,1354.89,10/25/2022,1552.43,11/1/2022,1665.91,11/8/2022,1828.56,11/15/2022,1813.74,,,,,,,,,,metsch,10/15/2022
T5-5,10/15/2022,10/30/2022,10/18/2022,1394.2,10/25/2022,1594.89,11/1/2022,1750.38,,,,,,,,,,,,,,past,10/15/2022
T5-6,10/15/2022,10/30/2022,10/18/2022,1388.81,10/25/2022,1597.06,11/1/2022,1763.48,11/8/2022,1813.61,11/15/2022,1923.55,11/22/2022,1921.69,11/29/2022,2006.63,12/6/2022,2065.66,12/13/2022,2039.09,,none,10/15/2022
T5-7,10/15/2022,10/30/2022,10/18/2022,1305.77,10/25/2022,1634.33,11/1/2022,1683.1,11/8/2022,1756.77,11/15/2022,1889.4,11/22/2022,1897.54,11/29/2022,1948.51,12/6/2022,2008.33,,,,metsch,10/15/2022
T5-8,10/15/2022,10/30/2022,10/18/2022,1385.39,10/25/2022,1547.92,11/1/2022,1666.4,11/8/2022,1824.54,,,,,,,,,,,,metsch,10/15/2022
T5-9,10/15/2022,10/30/2022,10/18/2022,1239.52,10/25/2022,1445.06,11/1/2022,1771.13,11/8/2022,1880.86,,,,,,,,,,,,coinfected,10/15/2022
T5-10,10/15/2022,10/30/2022,10/18/2022,1401.61,10/25/2022,1547.52,,,,,,,,,,,,,,,,none,10/15/2022
T5-11,10/15/2022,10/30/2022,10/18/2022,1365.65,10/25/2022,1550.15,11/1/2022,1647.05,11/8/2022,1769.51,11/15/2022,1744.44,,,,,,,,,,metsch,10/15/2022
T5-12,10/15/2022,10/30/2022,10/18/2022,1385.96,10/25/2022,1605.51,11/1/2022,1780.33,11/8/2022,1841.87,11/15/2022,1882.72,11/22/2022,1908.05,11/29/2022,1977.69,12/6/2022,1941.93,12/13/2022,1942.86,,none,10/15/2022
T5-13,10/15/2022,10/30/2022,10/18/2022,1394.79,10/25/2022,1574.06,11/1/2022,1695.73,11/8/2022,1821.93,,,,,,,,,,,,metsch,10/15/2022
T5-14,10/15/2022,10/30/2022,10/18/2022,1280.43,10/25/2022,1490.81,11/1/2022,1679.44,11/8/2022,1704.76,11/15/2022,1806.35,11/22/2022,1857.94,11/29/2022,1954.2,12/6/2022,1979.34,12/13/2022,1986.36,,none,10/15/2022
T5-15,10/15/2022,10/30/2022,10/18/2022,1323.15,10/25/2022,1491.2,11/1/2022,1726.86,11/8/2022,1798.3,11/15/2022,1840.12,11/22/2022,1966.24,11/29/2022,2067.28,12/6/2022,2060.08,12/13/2022,2042.79,,none,10/15/2022
T5-16,10/15/2022,10/30/2022,10/18/2022,1181.56,10/25/2022,1477.55,11/1/2022,1621.61,11/8/2022,1677.11,11/15/2022,1750.07,11/22/2022,1836.93,11/29/2022,1812.12,12/6/2022,1939.3,12/13/2022,1968.84,,none,10/15/2022
T5-17,10/15/2022,10/30/2022,10/18/2022,1208.39,10/25/2022,1475.9,11/1/2022,1607.94,11/8/2022,1640.55,11/15/2022,1754.34,11/22/2022,1863.98,11/29/2022,1919.35,12/6/2022,1971.92,12/13/2022,1968.48,,none,10/15/2022
T5-18,10/15/2022,10/30/2022,10/18/2022,1356.87,10/25/2022,1667.45,11/1/2022,1710.87,11/8/2022,1812.2,,,,,,,,,,,,metsch,10/15/2022
T5-19,10/15/2022,10/30/2022,10/18/2022,1331.93,10/25/2022,1471.3,11/1/2022,1746.21,11/8/2022,1803.16,11/15/2022,1819.84,,,,,,,,,,metsch,10/15/2022
T5-20,10/15/2022,10/30/2022,10/18/2022,1383.33,10/25/2022,1649.76,11/1/2022,1805.75,11/8/2022,1967.72,11/15/2022,2077.74,11/22/2022,2137.46,,,,,,,,past,10/15/2022
T5-21,10/15/2022,10/30/2022,10/18/2022,1427.32,10/25/2022,1600.77,11/1/2022,1805.29,11/8/2022,1913.26,,,,,,,,,,,,metsch,10/15/2022
T5-22,10/15/2022,10/30/2022,10/18/2022,1259.42,10/25/2022,1508.97,11/1/2022,1572.38,11/8/2022,1701.92,11/15/2022,1820.68,11/22/2022,1882.51,11/29/2022,1914.48,12/6/2022,1971.34,12/13/2022,1988.51,,none,10/15/2022
T5-23,10/15/2022,10/30/2022,10/18/2022,1177.2,10/25/2022,1462.33,11/1/2022,1650.05,11/8/2022,1698.22,,,,,,,,,,,,metsch,10/15/2022
T5-24,10/15/2022,10/30/2022,10/18/2022,1312.26,10/25/2022,1639.72,11/1/2022,1753.05,11/8/2022,1878.77,11/15/2022,1948.63,11/22/2022,2016.42,11/29/2022,2065.38,12/6/2022,2099.71,12/13/2022,2100.51,,none,10/15/2022
T5-25,10/15/2022,10/30/2022,10/18/2022,1365.43,10/25/2022,1661.85,11/1/2022,1715,11/8/2022,1808.35,11/15/2022,1927.75,11/22/2022,2012.8,11/29/2022,2085.07,,,,,,none,10/15/2022
T5-26,10/15/2022,10/30/2022,10/18/2022,1353.44,10/25/2022,1537.9,11/1/2022,1727.25,11/8/2022,1789.12,11/15/2022,1842.21,,,,,,,,,,metsch,10/15/2022
T5-27,10/15/2022,10/30/2022,10/18/2022,1265.51,10/25/2022,1506.17,11/1/2022,1649.52,11/8/2022,1779.2,,,,,,,,,,,,metsch,10/15/2022
T5-28,10/15/2022,10/30/2022,10/18/2022,1240.76,10/25/2022,1495.69,11/1/2022,1704.4,11/8/2022,1792.94,11/15/2022,1833.25,11/22/2022,1892.03,11/29/2022,1915,12/6/2022,2011.47,12/13/2022,1991.28,,none,10/15/2022
T5-29,10/15/2022,10/30/2022,10/18/2022,1393.55,10/25/2022,1466.33,11/1/2022,1571.99,11/8/2022,1709.73,11/15/2022,1765.73,11/22/2022,1862.33,11/29/2022,1863.4,12/6/2022,1922.97,12/13/2022,1975.56,,none,10/15/2022
T6-1,10/15/2022,11/14/2022,10/18/2022,1531.29,10/25/2022,1632.41,11/1/2022,1851.66,11/8/2022,1938.64,11/15/2022,2024.37,11/22/2022,2080.68,11/29/2022,2051.39,,,,,,metsch,10/15/2022
T6-2,10/15/2022,11/14/2022,10/18/2022,1510.95,10/25/2022,1649.76,11/1/2022,1789.42,11/8/2022,1888.88,11/15/2022,1930.41,,,,,,,,,,none,10/15/2022
T6-3,10/15/2022,11/14/2022,10/18/2022,1414.25,10/25/2022,1573.03,11/1/2022,1778.78,11/8/2022,1920.26,11/15/2022,1976.72,11/22/2022,2044.6,11/29/2022,2104.96,12/6/2022,2164.93,12/13/2022,2159.78,,past,10/15/2022
T6-4,10/15/2022,11/14/2022,10/18/2022,1465.93,10/25/2022,1609.39,11/1/2022,1743.5,11/8/2022,1880.4,11/15/2022,1890.45,11/22/2022,1938.58,11/29/2022,1967.87,12/6/2022,2082.22,12/13/2022,2102.3,,none,10/15/2022
T6-5,10/15/2022,11/14/2022,10/18/2022,1516.89,10/25/2022,1681.53,11/1/2022,1780.23,11/8/2022,1843.41,11/15/2022,1924.22,11/22/2022,1963.77,11/29/2022,2022.35,,,,,,metsch,10/15/2022
T6-6,10/15/2022,11/14/2022,10/18/2022,1416.66,10/25/2022,1552.23,,,,,,,,,,,,,,,,none,10/15/2022
T6-7,10/15/2022,11/14/2022,10/18/2022,1458.28,10/25/2022,1565.26,11/1/2022,1682.1,11/8/2022,1828.28,11/15/2022,1877.97,11/22/2022,1940.44,11/29/2022,1982.46,12/6/2022,2101.78,12/13/2022,2102.52,,none,10/15/2022
T6-8,10/15/2022,11/14/2022,10/18/2022,1441.34,10/25/2022,1581.49,11/1/2022,1733.61,11/8/2022,1821.42,11/15/2022,1953.26,11/22/2022,1963.69,11/29/2022,1974.71,,,,,,metsch,10/15/2022
T6-9,10/15/2022,11/14/2022,10/18/2022,1282.36,10/25/2022,1526.33,11/1/2022,1715.45,11/8/2022,1845.22,11/15/2022,1951.01,11/22/2022,1981.58,,,,,,,,coinfected,10/15/2022
T6-10,10/15/2022,11/14/2022,10/18/2022,1457.84,10/25/2022,1610.56,11/1/2022,1842.53,11/8/2022,1918.46,11/15/2022,1981.04,11/22/2022,2034.03,11/29/2022,2084.81,12/6/2022,2136.02,12/13/2022,2129.18,,none,10/15/2022
T6-11,10/15/2022,11/14/2022,10/18/2022,,,,,,,,,,,,,,,,,,,none,10/15/2022
T6-12,10/15/2022,11/14/2022,10/18/2022,1462.58,10/25/2022,1706.99,11/1/2022,1849.91,11/8/2022,1952.61,11/15/2022,2115.67,11/22/2022,2221.13,,,,,,,,coinfected,10/15/2022
T6-13,10/15/2022,11/14/2022,10/18/2022,1405.92,10/25/2022,1548.09,11/1/2022,1615.08,11/8/2022,1745.95,11/15/2022,1925.15,11/22/2022,1972.18,11/29/2022,1994.24,,,,,,metsch,10/15/2022
T6-14,10/15/2022,11/14/2022,10/18/2022,1431.6,10/25/2022,1595.7,11/1/2022,1796.55,11/8/2022,1873.22,11/15/2022,1940.5,11/22/2022,1967.95,,,,,,,,metsch,10/15/2022
T6-15,10/15/2022,11/14/2022,10/18/2022,1298.57,10/25/2022,1537.29,11/1/2022,1618.86,11/8/2022,1676.7,11/15/2022,1842.06,11/22/2022,1926.18,,,,,,,,metsch,10/15/2022
T6-16,10/15/2022,11/14/2022,10/18/2022,1305.04,10/25/2022,1425.81,11/1/2022,1645.03,11/8/2022,1693.9,11/15/2022,1759.58,11/22/2022,1833.26,11/29/2022,1884.51,12/6/2022,1947.53,12/13/2022,1924.17,,none,10/15/2022
T6-17,10/15/2022,11/14/2022,10/18/2022,1229.4,10/25/2022,1483.9,11/1/2022,1601.27,,,,,,,,,,,,,,none,10/15/2022
T6-18,10/15/2022,11/14/2022,10/18/2022,1318.36,10/25/2022,1461.59,11/1/2022,1751.65,11/8/2022,1910.57,11/15/2022,1940.26,11/22/2022,1998.37,,,,,,,,past,10/15/2022
T6-19,10/15/2022,11/14/2022,10/18/2022,1356.11,10/25/2022,1503.81,11/1/2022,1651.91,11/8/2022,1785.84,11/15/2022,1916.33,11/22/2022,1997.77,11/29/2022,2000.14,,,,,,metsch,10/15/2022
T6-20,10/15/2022,11/14/2022,10/18/2022,1438.61,10/25/2022,1632.87,11/1/2022,1743.11,11/8/2022,1945.04,11/15/2022,2099.38,11/22/2022,2076.01,,,,,,,tail gone 11/22/22,coinfected,10/15/2022
T6-21,10/15/2022,11/14/2022,10/18/2022,1233.9,10/25/2022,1393.32,11/1/2022,1608.96,11/8/2022,1684.18,11/15/2022,1774.51,11/22/2022,1900.27,,,,,,,,metsch,10/15/2022
T6-22,10/15/2022,11/14/2022,10/18/2022,1476.35,10/25/2022,1662.57,11/1/2022,1781.35,11/8/2022,1899.67,11/15/2022,1988.02,11/22/2022,2048.56,11/29/2022,2019.08,12/6/2022,2076.91,12/13/2022,2092.52,,none,10/15/2022
T6-23,10/15/2022,11/14/2022,10/18/2022,1311.46,10/25/2022,1434.92,11/1/2022,1571.1,11/8/2022,1694.94,11/15/2022,1839.72,11/22/2022,1922.55,,,,,,,,metsch,10/15/2022
T6-24,10/15/2022,11/14/2022,10/18/2022,1461.79,10/25/2022,1705.78,11/1/2022,1715,11/8/2022,1849.23,11/15/2022,1964.89,11/22/2022,2016.02,,,,,,,,coinfected,10/15/2022
T6-25,10/15/2022,11/14/2022,10/18/2022,1434,10/25/2022,1624.47,11/1/2022,1758.28,11/8/2022,1863.9,11/15/2022,1956.1,11/22/2022,2017.95,,,,,,,,past,10/15/2022
T6-26,10/15/2022,11/14/2022,10/18/2022,1356.67,10/25/2022,1597.08,11/1/2022,1726.99,11/8/2022,1783.44,11/15/2022,1935,11/22/2022,1940.78,,,,,,,,metsch,10/15/2022
T6-27,10/15/2022,11/14/2022,10/18/2022,1338.73,10/25/2022,1521.33,11/1/2022,1760.49,11/8/2022,1841.8,11/15/2022,1860.43,11/22/2022,1933.22,,,,,,,,metsch,10/15/2022
T6-28,10/15/2022,11/14/2022,10/18/2022,864.79,10/25/2022,1438.9,11/1/2022,1636.74,11/8/2022,1768.23,11/15/2022,1840.94,11/22/2022,1910.93,,,,,,,,coinfected,10/15/2022
T6-29,10/15/2022,11/14/2022,10/18/2022,1483.68,10/25/2022,1615.03,11/1/2022,1728.61,11/8/2022,1863.08,11/15/2022,1966.12,11/22/2022,2000.86,11/29/2022,1971.75,,,,,,metsch,10/15/2022
T7-1,,10/20/2022,10/18/2022,,10/25/2022,1611.96,11/1/2022,1659.21,11/8/2022,1789.26,11/15/2022,1878.13,11/22/2022,1931.7,11/29/2022,2021.8,12/6/2022,2060.08,,,,none,10/15/2022
T7-2,,10/20/2022,10/18/2022,,10/25/2022,1673.77,11/1/2022,1724.94,,,,,,,,,,,,,,metsch,10/15/2022
T7-3,,10/20/2022,10/18/2022,,10/25/2022,1514.7,11/1/2022,1632.99,,,,,,,,,,,,,,none,10/15/2022
T7-4,,10/20/2022,10/18/2022,,10/25/2022,1499.89,11/1/2022,1607.38,,,,,,,,,,,,,,metsch,10/15/2022
T7-5,,10/20/2022,10/18/2022,,10/25/2022,1522.4,,,,,,,,,,,,,,,,metsch,10/15/2022
T7-6,,10/20/2022,10/18/2022,,10/25/2022,1492.4,11/1/2022,1631.33,11/8/2022,1762.19,11/15/2022,1887.18,11/22/2022,1919.66,11/29/2022,1987.91,12/6/2022,2049.8,12/13/2022,2073.37,,none,10/15/2022
T7-7,,10/20/2022,10/18/2022,,10/25/2022,1593.38,11/1/2022,1704.48,,,,,,,,,,,,,,metsch,10/15/2022
T7-8,,10/20/2022,10/18/2022,1393.47,10/25/2022,1425.09,11/1/2022,1511.14,11/8/2022,1663.89,11/15/2022,1774.66,11/22/2022,1882.01,11/29/2022,1960.54,12/6/2022,1985.38,12/13/2022,2042.73,,none,10/15/2022
T7-9,,10/20/2022,10/18/2022,1396.24,10/25/2022,1393.89,11/1/2022,1454.46,,,,,,,,,,,,,,metsch,10/15/2022
T7-10,,10/20/2022,10/18/2022,1599.16,10/25/2022,1607.42,11/1/2022,1664.45,,,,,,,,,,,,,,none,10/15/2022
T7-11,,10/20/2022,10/18/2022,1570.15,10/25/2022,1560.54,11/1/2022,1636.98,11/8/2022,1789.24,11/15/2022,1815.03,11/22/2022,1872.8,11/29/2022,1892.26,12/6/2022,1947.21,12/13/2022,1969.45,,none,10/15/2022
T7-12,,10/20/2022,10/18/2022,1524.17,10/25/2022,1662.36,,,,,,,,,,,,,,,,metsch,10/15/2022
T7-13,,10/20/2022,10/18/2022,1492.07,10/25/2022,1639.1,11/1/2022,1711.35,11/8/2022,1843.97,11/15/2022,1908.08,11/22/2022,1962.81,11/29/2022,2007.37,12/6/2022,2040.08,12/13/2022,2069.56,,none,10/15/2022
T7-14,,10/20/2022,10/18/2022,1472.25,10/25/2022,1631.29,11/1/2022,1709.56,11/8/2022,1883.01,11/15/2022,1896.11,11/22/2022,1977.42,11/29/2022,2038.53,12/6/2022,2049.03,,,,none,10/15/2022
T7-15,,10/20/2022,10/18/2022,1350.58,10/25/2022,1581.42,11/1/2022,1631.13,,,,,,,,,,,,,,metsch,10/15/2022
T7-16,,10/20/2022,10/18/2022,1192.75,10/25/2022,1444.92,11/1/2022,1492.19,11/8/2022,1477.41,,,,,,,,,,,smaller on 11/8/22,metsch,10/15/2022
T7-17,,10/20/2022,10/18/2022,1273.08,10/25/2022,1570.09,11/1/2022,1632.97,11/8/2022,1721.07,11/15/2022,1798.88,11/22/2022,1914.21,11/29/2022,1976.92,12/6/2022,2033.16,12/13/2022,2009.52,,none,10/15/2022
T7-18,,10/20/2022,10/18/2022,1313.56,10/25/2022,1492.45,11/1/2022,1609.54,11/8/2022,1702.74,11/15/2022,1896.28,11/22/2022,1963.49,11/29/2022,1983.58,12/6/2022,1989.87,12/13/2022,1995.5,,none,10/15/2022
T7-19,,10/20/2022,10/18/2022,1263.96,10/25/2022,1522.89,11/1/2022,1608.61,,,,,,,,,,,,,,metsch,10/15/2022
T7-20,,10/20/2022,10/18/2022,1288.52,10/25/2022,1587.07,11/1/2022,1699.92,11/8/2022,1786.99,11/15/2022,1836.97,11/22/2022,1982.55,11/29/2022,2018.88,12/6/2022,2116.33,12/13/2022,2124.95,,none,10/15/2022
T7-21,,10/20/2022,10/18/2022,1437.58,10/25/2022,1679.28,11/1/2022,1757.27,11/8/2022,1924.56,11/15/2022,1940.44,11/22/2022,2052.31,11/29/2022,2111.06,12/6/2022,2127.73,12/13/2022,2131.69,,none,10/15/2022
T7-22,,10/20/2022,10/18/2022,1410.96,10/25/2022,1723.09,11/1/2022,1788.57,,,,,,,,,,,,,,metsch,10/15/2022
T7-23,,10/20/2022,10/18/2022,1394.89,10/25/2022,1649.57,11/1/2022,1710.61,11/8/2022,1772.59,11/15/2022,1927.57,11/22/2022,2002.94,11/29/2022,2035.29,12/6/2022,2057.56,12/13/2022,2081.9,,none,10/15/2022
T7-24,,10/20/2022,10/18/2022,1452.41,10/25/2022,1703.75,11/1/2022,1770.1,,,,,,,,,,,,,,metsch,10/15/2022
T7-25,,10/20/2022,10/18/2022,1496.54,10/25/2022,1633.95,11/1/2022,1731.92,11/8/2022,1868.85,11/15/2022,1932.96,11/22/2022,1955.45,11/29/2022,1983.96,12/6/2022,2062.64,12/13/2022,2072.48,,none,10/15/2022
T7-26,,10/20/2022,10/18/2022,1377.32,10/25/2022,1713.68,11/1/2022,1793.22,11/8/2022,1903.29,11/15/2022,2018.45,11/22/2022,2040.87,11/29/2022,2053.83,12/6/2022,2064.04,,,,none,10/15/2022
T7-27,,10/20/2022,10/18/2022,1296.74,10/25/2022,1576.36,11/1/2022,1679.22,11/8/2022,1744.29,11/15/2022,1823.72,11/22/2022,1906.03,11/29/2022,1899.32,12/6/2022,1958.57,12/13/2022,1968.42,,none,10/15/2022
T7-28,,10/20/2022,10/18/2022,1334.9,10/25/2022,1455.46,11/1/2022,1515.96,,,,,,,,,,,,,,metsch,10/15/2022
T7-29,,10/20/2022,10/18/2022,1447.3,10/25/2022,1622,11/1/2022,1752.46,11/8/2022,1885.97,11/15/2022,1904.58,11/22/2022,1973.49,11/29/2022,2030.16,12/6/2022,2104.65,12/13/2022,2126.02,,none,10/15/2022
T8-1,,10/25/2022,10/18/2022,1532.61,10/25/2022,1656.04,11/1/2022,1813.93,11/8/2022,1944.03,11/15/2022,1956.51,11/22/2022,2073.56,11/29/2022,2153.43,12/6/2022,2091.97,12/13/2022,2099.17,,none,10/15/2022
T8-2,,10/25/2022,10/18/2022,1407.81,10/25/2022,1618.88,11/1/2022,1793.31,11/8/2022,1809.34,,,,,,,,,,,,metsch,10/15/2022
T8-3,,10/25/2022,10/18/2022,1333.27,10/25/2022,1489.2,11/1/2022,1676.76,,,,,,,,,,,,,,metsch,10/15/2022
T8-4,,10/25/2022,10/18/2022,1439.9,10/25/2022,1559.58,11/1/2022,1584.54,,,,,,,,,,,,,,metsch,10/15/2022
T8-5,,10/25/2022,10/18/2022,1383.46,10/25/2022,1581.25,11/1/2022,1743.95,11/8/2022,1851.66,11/15/2022,1982.76,11/22/2022,2025.49,11/29/2022,2043.05,12/6/2022,2142.47,12/13/2022,2132.97,missing tail in 11/8/22,none,10/15/2022
T8-6,,10/25/2022,10/18/2022,1493.5,10/25/2022,1666.48,11/1/2022,1847.22,11/8/2022,1960.25,,,,,,,,,,,,none,10/15/2022
T8-7,,10/25/2022,10/18/2022,1340.33,10/25/2022,1525.37,11/1/2022,1679.85,11/8/2022,1710.81,,,,,,,,,,,,metsch,10/15/2022
T8-8,,10/25/2022,10/18/2022,1468.23,10/25/2022,1591.19,11/1/2022,1707.05,11/8/2022,1799.93,11/15/2022,1856.24,11/22/2022,1989.33,11/29/2022,2058.93,12/6/2022,2013.63,,,,none,10/15/2022
T8-9,,10/25/2022,10/18/2022,1488.57,10/25/2022,1640.49,11/1/2022,1808.35,11/8/2022,1833.05,,,,,,,,,,,,metsch,10/15/2022
T8-10,,10/25/2022,10/18/2022,1503.74,10/25/2022,,,,,,,,,,,,,,,,,none,10/15/2022
T8-11,,10/25/2022,10/18/2022,1304.16,10/25/2022,1615.93,11/1/2022,1688.59,,,,,,,,,,,,,,metsch,10/15/2022
T8-12,,10/25/2022,10/18/2022,1551.74,10/25/2022,1494.79,,,,,,,,,,,,,,,,none,10/15/2022
T8-13,,10/25/2022,10/18/2022,1660.58,10/25/2022,1647.58,11/1/2022,1746.34,11/8/2022,1801.54,,,,,,,,,,,smaller on second date,metsch,10/15/2022
T8-14,,10/25/2022,10/18/2022,1587.74,10/25/2022,1554.97,11/1/2022,1676.55,11/8/2022,1888.61,11/15/2022,1913.65,11/22/2022,1962.79,11/29/2022,2065.71,12/6/2022,2094.47,12/13/2022,2094.53,smaller on second date,none,10/15/2022
T8-15,,10/25/2022,10/18/2022,1571.18,10/25/2022,1599.31,11/1/2022,1701.95,11/8/2022,1794.68,,,,,,,,,,,,metsch,10/15/2022
T8-16,,10/25/2022,10/18/2022,1440.83,10/25/2022,1671.5,11/1/2022,1810.02,11/8/2022,1829.35,,,,,,,,,,,,metsch,10/15/2022
T8-17,,10/25/2022,10/18/2022,1280.3,10/25/2022,1448.89,11/1/2022,1636.11,11/8/2022,1730.42,,,,,,,,,,,,metsch,10/15/2022
T8-18,,10/25/2022,10/18/2022,1412.73,10/25/2022,1614.68,11/1/2022,1812.04,11/8/2022,1865.71,,,,,,,,,,,,metsch,10/15/2022
T8-19,,10/25/2022,10/18/2022,1207.33,10/25/2022,1437.81,11/1/2022,1538.39,11/8/2022,1641.18,11/15/2022,1725.84,11/22/2022,1784.68,11/29/2022,1864.51,12/6/2022,1852.55,12/13/2022,1941.76,,none,10/15/2022
T8-20,,10/25/2022,10/18/2022,1270.24,10/25/2022,1503.21,11/1/2022,1650.04,11/8/2022,1757.51,11/15/2022,1860.66,11/22/2022,1909.77,11/29/2022,1982.41,12/6/2022,2039.69,,,,none,10/15/2022
T8-21,,10/25/2022,10/18/2022,1243.07,10/25/2022,1468.45,11/1/2022,1653.89,11/8/2022,1694,,,,,,,,,,,,metsch,10/15/2022
T8-22,,10/25/2022,10/18/2022,1405.56,10/25/2022,1519.58,11/1/2022,1684.17,11/8/2022,1777.6,11/15/2022,1877.59,11/22/2022,1898.98,11/29/2022,1984.83,12/6/2022,2003.38,12/13/2022,2017.05,,none,10/15/2022
T8-23,,10/25/2022,10/18/2022,1317.28,10/25/2022,1565.65,11/1/2022,1708.94,11/8/2022,1768.03,11/15/2022,1865.39,11/22/2022,1926.52,11/29/2022,1948.62,12/6/2022,1997.39,12/13/2022,1991.45,,none,10/15/2022
T8-24,,10/25/2022,10/18/2022,1292.88,10/25/2022,1474.38,11/1/2022,1594.52,11/8/2022,1692.49,11/15/2022,1765.35,11/22/2022,1810.63,11/29/2022,1811.23,12/6/2022,1862.39,12/13/2022,1919.97,,none,10/15/2022
T8-25,,10/25/2022,10/18/2022,1410.73,10/25/2022,1624.34,11/1/2022,1791.81,11/8/2022,1830.77,,,,,,,,,,,,metsch,10/15/2022
T8-26,,10/25/2022,10/18/2022,1345.85,10/25/2022,1536.01,11/1/2022,1671.01,11/8/2022,1703.66,,,,,,,,,,,,metsch,10/15/2022
T8-27,,10/25/2022,10/18/2022,1364.99,10/25/2022,1561.04,11/1/2022,1687.27,11/8/2022,1668.3,,,,,,,,,,,,metsch,10/15/2022
T8-28,,10/25/2022,10/18/2022,1254.62,10/25/2022,1392.27,11/1/2022,1552.88,11/8/2022,1602.29,,,,,,,,,,,,metsch,10/15/2022
T8-29,,10/25/2022,10/18/2022,1569.52,10/25/2022,1725.19,11/1/2022,1867.95,11/8/2022,1958.76,,,,,,,,,,,,metsch,10/15/2022
T9-1,,10/30/2022,10/18/2022,1344.54,10/25/2022,1500.41,11/1/2022,1661.51,11/8/2022,1796.33,,,,,,,,,,,,metsch,10/15/2022
T9-2,,10/30/2022,10/18/2022,1343.06,10/25/2022,1580.05,11/1/2022,1769.56,11/8/2022,1889.9,11/15/2022,1948.19,11/22/2022,1962.8,11/29/2022,2025.75,12/6/2022,2013.44,12/13/2022,2043.62,,none,10/15/2022
T9-3,,10/30/2022,10/18/2022,1456.83,10/25/2022,1619.29,11/1/2022,1802.71,11/8/2022,1856.23,11/15/2022,1858.56,11/22/2022,2021.75,,,,,,,,none,10/15/2022
T9-4,,10/30/2022,10/18/2022,1453.72,10/25/2022,1587.14,11/1/2022,1689.79,11/8/2022,1792.16,,,,,,,,,,,,metsch,10/15/2022
T9-5,,10/30/2022,10/18/2022,1550.35,10/25/2022,1634.93,11/1/2022,1776.6,11/8/2022,1912,,,,,,,,,,,,metsch,10/15/2022
T9-6,,10/30/2022,10/18/2022,1429.63,10/25/2022,1647.4,11/1/2022,1838.92,11/8/2022,1875.8,,,,,,,,,,,,metsch,10/15/2022
T9-7,,10/30/2022,10/18/2022,1408.05,10/25/2022,1630.91,11/1/2022,1801.92,11/8/2022,1894.33,,,,,,,,,,,,metsch,10/15/2022
T9-8,,10/30/2022,10/18/2022,1532.21,10/25/2022,1668.68,11/1/2022,1812.58,11/8/2022,1927.47,11/15/2022,1954.39,11/22/2022,2068.58,11/29/2022,2080.19,12/6/2022,2172.93,12/13/2022,2168.43,,none,10/15/2022
T9-9,,10/30/2022,10/18/2022,1333.97,10/25/2022,1537.54,11/1/2022,1804.33,11/8/2022,1844.08,11/15/2022,1905.48,11/22/2022,1980.35,11/29/2022,2085.07,12/6/2022,2109.11,12/13/2022,2095.03,,none,10/15/2022
T9-10,,10/30/2022,10/18/2022,1460.71,10/25/2022,1620.34,11/1/2022,1762.76,11/8/2022,1810.53,,,,,,,,,,,,none,10/15/2022
T9-11,,10/30/2022,10/18/2022,1453.6,10/25/2022,1633.24,11/1/2022,1758.14,11/8/2022,1907.34,11/15/2022,1908,11/22/2022,1966.71,11/29/2022,2011.41,12/6/2022,2069.94,12/13/2022,2117.11,,none,10/15/2022
T9-12,,10/30/2022,10/18/2022,1371.03,10/25/2022,1626.51,11/1/2022,1761.99,11/8/2022,1895.47,11/15/2022,1943.83,11/22/2022,2007.85,11/29/2022,2055.36,12/6/2022,2058.85,12/13/2022,2056.64,,none,10/15/2022
T9-13,,10/30/2022,10/18/2022,1349.34,10/25/2022,1553.66,11/1/2022,1715.13,11/8/2022,1787.51,11/15/2022,1840.04,11/22/2022,1939.43,11/29/2022,1970.57,12/6/2022,1963.1,12/13/2022,1984.67,,none,10/15/2022
T9-14,,10/30/2022,10/18/2022,1451.64,10/25/2022,1600.46,11/1/2022,1771.71,11/8/2022,1871.17,,,,,,,,,,,,metsch,10/15/2022
T9-15,,10/30/2022,10/18/2022,1384.14,10/25/2022,1650.95,11/1/2022,1766.94,11/8/2022,1835.46,11/15/2022,1876.7,11/22/2022,1974.2,11/29/2022,2008.07,12/6/2022,2022.41,12/13/2022,2058.25,,none,10/15/2022
T9-16,,10/30/2022,10/18/2022,1288.35,10/25/2022,1517.94,11/1/2022,1642.09,11/8/2022,1687.1,11/15/2022,1784.38,,,,,,,,,,metsch,10/15/2022
T9-17,,10/30/2022,10/18/2022,1311.88,10/25/2022,1550.24,11/1/2022,1596.58,11/8/2022,1649.54,11/15/2022,1643.78,,,,,,,,,,metsch,10/15/2022
T9-18,,10/30/2022,10/18/2022,1322.14,10/25/2022,1545.85,11/1/2022,1667.23,11/8/2022,1764.03,11/15/2022,1888.35,11/22/2022,1943.31,11/29/2022,2020.64,12/6/2022,2051.81,12/13/2022,2087.29,,none,10/15/2022
T9-19,,10/30/2022,10/18/2022,1387.86,10/25/2022,1590.99,11/1/2022,1656.23,11/8/2022,1765.17,,,,,,,,,,,,metsch,10/15/2022
T9-20,,10/30/2022,10/18/2022,1433.97,10/25/2022,1721.5,11/1/2022,1820.49,11/8/2022,1868.65,11/15/2022,1875.49,,,,,,,,,,metsch,10/15/2022
T9-21,,10/30/2022,10/18/2022,1346.69,10/25/2022,1623.54,11/1/2022,1680.05,11/8/2022,1739.14,11/15/2022,1778.82,11/22/2022,1861,11/29/2022,1890.67,12/6/2022,1965.92,12/13/2022,2011.97,,none,10/15/2022
T9-22,,10/30/2022,10/18/2022,1511.55,10/25/2022,1675.58,11/1/2022,1768.62,11/8/2022,1841.47,11/15/2022,1846.96,11/22/2022,1899.67,11/29/2022,1923.85,12/6/2022,1974.02,12/13/2022,1983.46,,none,10/15/2022
T9-23,,10/30/2022,10/18/2022,1307.07,10/25/2022,1583.71,11/1/2022,1695.01,11/8/2022,1788.65,,,,,,,,,,,,metsch,10/15/2022
T9-24,,10/30/2022,10/18/2022,1475.33,10/25/2022,1744.56,11/1/2022,1867.19,11/8/2022,1939.95,,,,,,,,,,,,metsch,10/15/2022
T9-25,,10/30/2022,10/18/2022,1295.79,,,,,,,,,,,,,,,,,,none,10/15/2022
T9-26,,10/30/2022,10/18/2022,1384.06,10/25/2022,1494.79,11/1/2022,1635.89,11/8/2022,1695.62,11/15/2022,1711,,,,,,,,,,metsch,10/15/2022
T9-27,,10/30/2022,10/18/2022,1274.46,10/25/2022,1513.41,11/1/2022,1616.41,11/8/2022,1736.89,,,,,,,,,,,,metsch,10/15/2022
T9-28,,10/30/2022,10/18/2022,1509.51,10/25/2022,1689.75,11/1/2022,1805.67,11/8/2022,1914.25,11/15/2022,1888.96,,,,,,,,,,metsch,10/15/2022
T9-29,,10/30/2022,10/18/2022,1411.68,10/25/2022,1596.56,11/1/2022,1670.02,11/8/2022,1699.98,,,,,,,,,,,,metsch,10/15/2022
T10-1,,11/14/2022,10/18/2022,1455.78,10/25/2022,1632.08,11/1/2022,1701.58,11/8/2022,1828.11,11/15/2022,1941,11/22/2022,1962.64,,,,,,,,metsch,10/15/2022
T10-2,,11/14/2022,10/18/2022,1407.78,10/25/2022,1598.13,11/1/2022,1757.21,11/8/2022,1893.2,11/15/2022,1917.99,11/22/2022,1942.5,11/29/2022,1941.16,,,,,,metsch,10/15/2022
T10-3,,11/14/2022,10/18/2022,1438.37,10/25/2022,1576.23,11/1/2022,1750.85,11/8/2022,1909.25,11/15/2022,1937.02,11/22/2022,1989.58,,,,,,,,metsch,10/15/2022
T10-4,,11/14/2022,10/18/2022,1436.01,10/25/2022,1494.36,11/1/2022,1647.62,11/8/2022,1778.59,11/15/2022,1796.66,11/22/2022,1989.58,,,,,,,,metsch,10/15/2022
T10-5,,11/14/2022,10/18/2022,1356.15,10/25/2022,1631.1,11/1/2022,1741.68,11/8/2022,1868.95,11/15/2022,1892.63,11/22/2022,1969.14,11/29/2022,1999.86,12/6/2022,2000.35,12/13/2022,2076.99,,none,10/15/2022
T10-6,,11/14/2022,10/18/2022,1499.78,10/25/2022,1680.34,11/1/2022,1833.46,11/8/2022,1872.87,11/15/2022,1897.72,11/22/2022,1957.09,,,,,,,,metsch,10/15/2022
T10-7,,11/14/2022,10/18/2022,1349.13,10/25/2022,1559.03,11/1/2022,1739.26,11/8/2022,1853.57,11/15/2022,1911.56,11/22/2022,1954.66,,,,,,,,metsch,10/15/2022
T10-8,,11/14/2022,10/18/2022,1475.85,10/25/2022,1667.48,11/1/2022,1789.82,11/8/2022,1860.82,11/15/2022,1879.82,11/22/2022,1981.69,,,,,,,,metsch,10/15/2022
T10-9,,11/14/2022,10/18/2022,1354.68,10/25/2022,1465.92,11/1/2022,1676.36,11/8/2022,1785.7,11/15/2022,1874.26,11/22/2022,1906.08,,,,,,,,metsch,10/15/2022
T10-10,,11/14/2022,10/18/2022,1310.82,10/25/2022,1465.47,11/1/2022,1527.38,11/8/2022,1620.33,11/15/2022,1733.88,11/22/2022,1776.45,,,,,,,,metsch,10/15/2022
T10-11,,11/14/2022,10/18/2022,1428.57,10/25/2022,1569.27,11/1/2022,1706.74,11/8/2022,1823.13,11/15/2022,1868.25,11/22/2022,1986.07,,,,,,,,metsch,10/15/2022
T10-12,,11/14/2022,10/18/2022,1372.78,10/25/2022,1533.23,11/1/2022,1669.74,11/8/2022,1862.83,11/15/2022,1857.2,11/22/2022,1980.29,,,,,,,,metsch,10/15/2022
T10-13,,11/14/2022,10/18/2022,1430.29,10/25/2022,1654.36,11/1/2022,1774.29,11/8/2022,1841.92,11/15/2022,1856.94,11/22/2022,1976.73,11/29/2022,1969.39,,,,,,metsch,10/15/2022
T10-14,,11/14/2022,10/18/2022,1411.5,10/25/2022,1626.12,11/1/2022,1747.21,11/8/2022,1782.6,11/15/2022,1881.35,11/22/2022,1919.43,11/29/2022,1886.92,12/6/2022,1929.69,12/13/2022,2012.17,,none,10/15/2022
T10-15,,11/14/2022,10/18/2022,1371,10/25/2022,1589.04,11/1/2022,1696.63,11/8/2022,1734.7,11/15/2022,1806.33,11/22/2022,1888.66,,,,,,,,metsch,10/15/2022
T10-16,,11/14/2022,10/18/2022,1222.2,10/25/2022,1468.07,11/1/2022,1609.94,11/8/2022,1687.9,11/15/2022,1788.55,11/22/2022,1823.31,,,,,,,,metsch,10/15/2022
T10-17,,11/14/2022,10/18/2022,1375.17,10/25/2022,1554.59,11/1/2022,1692.6,11/8/2022,1751.07,11/15/2022,1798.41,11/22/2022,1920.41,11/29/2022,1900.27,,,,,,metsch,10/15/2022
T10-18,,11/14/2022,10/18/2022,1369.9,10/25/2022,1586.75,11/1/2022,1676.6,11/8/2022,1750.66,11/15/2022,1891.07,11/22/2022,1885.09,,,,,,,,metsch,10/15/2022
T10-19,,11/14/2022,10/18/2022,1353.59,10/25/2022,1637.29,11/1/2022,1711.63,11/8/2022,1767.81,11/15/2022,1822.44,11/22/2022,1953.68,,,,,,,,metsch,10/15/2022
T10-20,,11/14/2022,10/18/2022,1376.77,10/25/2022,1589.62,11/1/2022,1712.59,11/8/2022,1822.3,11/15/2022,1912.26,11/22/2022,1960.12,,,,,,,,metsch,10/15/2022
T10-21,,11/14/2022,10/18/2022,1299.45,10/25/2022,1543.51,11/1/2022,1564.96,11/8/2022,1742.11,11/15/2022,1822.44,11/22/2022,1850.81,11/29/2022,1947,12/6/2022,1993.71,12/13/2022,2029.37,,metsch,10/15/2022
T10-22,,11/14/2022,10/18/2022,1252.04,10/25/2022,1375.38,11/1/2022,1491.61,11/8/2022,1578.16,11/15/2022,1653.88,11/22/2022,1677.93,11/29/2022,1704.58,12/6/2022,1686.76,12/13/2022,1773.22,,metsch,10/15/2022
T10-23,,11/14/2022,10/18/2022,1482.77,10/25/2022,1660.57,11/1/2022,1758.37,11/8/2022,1786.54,11/15/2022,1892.78,11/22/2022,2005.02,,,,,,,,metsch,10/15/2022
T10-24,,11/14/2022,10/18/2022,1374.1,10/25/2022,1549.56,11/1/2022,1656.27,11/8/2022,1769.62,11/15/2022,1856.86,11/22/2022,1910.31,,,,,,,,metsch,10/15/2022
T10-25,,11/14/2022,10/18/2022,1381.76,10/25/2022,1625.09,11/1/2022,1772.57,11/8/2022,1826.97,11/15/2022,1827.12,11/22/2022,1918.18,11/29/2022,1949.53,,,,,,metsch,10/15/2022
T10-26,,11/14/2022,10/18/2022,1345.84,10/25/2022,1572.32,11/1/2022,1722.19,11/8/2022,1841.08,11/15/2022,1864.5,11/22/2022,1961.28,,,,,,,,metsch,10/15/2022
T10-27,,11/14/2022,10/18/2022,1271.03,10/25/2022,1469.3,11/1/2022,1580.94,11/8/2022,1705.92,11/15/2022,1813.88,11/22/2022,1842.83,11/29/2022,1943.74,12/6/2022,1968.97,12/13/2022,2077.58,,none,10/15/2022
T10-28,,11/14/2022,10/18/2022,1319.53,10/25/2022,1575.8,11/1/2022,1701.56,11/8/2022,1845.07,11/15/2022,1858.24,11/22/2022,1899.86,11/29/2022,1856.24,,,,,,metsch,10/15/2022
T10-29,,11/14/2022,10/18/2022,1522.22,10/25/2022,1664.97,11/1/2022,1879.43,11/8/2022,1940.89,11/15/2022,1906.18,11/22/2022,1998.14,,,,,,,,metsch,10/15/2022
